StockCode,Description,Product_Category,Total_Revenue,Total_Quantity_Sold,Total_Orders,Avg_Price,Unique_Customers
22086,PAPER CHAIN KIT 50'S CHRISTMAS,SEASONAL,3913.72,1527,47,3.61,31
84879,ASSORTED COLOUR BIRD ORNAMENT,OTHER,2017.3,1330,17,1.66,17
DOT,DOTCOM POSTAGE,OTHER,1403.62,12,12,116.97,0
84347,ROTATING SILVER ANGELS T-LIGHT HLDR,LIGHTING,1340.41,597,13,3.93,6
85123A,WHITE HANGING HEART T-LIGHT HOLDER,LIGHTING,1270.72,473,32,2.96,30
15056BL,EDWARDIAN PARASOL BLACK,OTHER,1247.9,263,6,6.9,5
79323W,WHITE CHERRY LIGHTS,LIGHTING,1170.66,200,20,7.14,17
22083,PAPER CHAIN KIT RETRO SPOT,OTHER,1032.14,408,17,3.42,11
22111,SCOTTIE DOG HOT WATER BOTTLE,OTHER,944.84,202,26,5.25,24
22139,RETRO SPOT TEA SET CERAMIC 11 PC,SETS,879.02,192,17,5.24,15
21428,SET3 BOOK BOX GREEN GINGHAM FLOWER,SETS,848.55,223,6,5.55,4
84029E,RED WOOLLY HOTTIE WHITE HEART.,OTHER,837.43,284,12,3.89,11
35400,WOODEN BOX ADVENT CALENDAR,OTHER,785.5,58,21,13.3,10
22041,"RECORD FRAME 7"" SINGLE SIZE",OTHER,705.6,336,3,2.1,3
85099B,JUMBO BAG RED WHITE SPOTTY,BAGS,647.4,353,21,2.03,19
22189,CREAM HEART CARD HOLDER,OTHER,640.51,179,12,4.59,10
21217,RED SPOTTY ROUND CAKE TINS,OTHER,638.55,69,10,9.65,10
20679,EDWARDIAN PARASOL RED,OTHER,623.4,132,2,5.28,2
79323P,PINK CHERRY LIGHTS,LIGHTING,622.27,109,10,7.2,9
21107,CREAM SLICE FLANNEL PINK SPOT,OTHER,578.1,222,5,2.71,4
72756,FAIRY CAKE CANDLES,OTHER,565.02,414,15,1.46,15
21754,HOME BUILDING BLOCK WORD,OTHER,553.33,97,12,6.38,11
22114,HOT WATER BOTTLE TEA AND SYMPATHY,OTHER,545.15,131,23,4.52,20
POST,POSTAGE,OTHER,477.42,17,7,50.37,7
35004C,SET OF 3 COLOURED  FLYING DUCKS,SETS,470.3,99,4,6.94,3
21258,VICTORIAN SEWING BOX LARGE,OTHER,445.08,33,8,17.06,5
21232,STRAWBERRY CERAMIC TRINKET BOX,OTHER,430.98,354,17,1.31,16
21212,PACK OF 72 RETRO SPOT CAKE CASES,OTHER,425.2,862,25,0.56,22
84078A,SET/4 WHITE RETRO STORAGE CUBES,SETS,419.4,12,1,34.95,1
20692,FLORAL ELEPHANT SOFT TOY,OTHER,411.0,108,3,4.08,3
21755,LOVE BUILDING BLOCK WORD,OTHER,407.35,73,11,5.86,10
20685,RED SPOTTY COIR DOORMAT,OTHER,406.75,65,13,6.63,13
85132A,CHARLIE + LOLA BISCUITS TINS,OTHER,404.5,61,2,14.04,1
22112,CHOCOLATE HOT WATER BOTTLE,OTHER,403.36,87,14,5.35,13
85048,15CM CHRISTMAS GLASS BALL 20 LIGHTS,LIGHTING,398.65,57,12,9.18,10
85132C,CHARLIE AND LOLA FIGURES TINS,OTHER,393.95,61,2,8.18,2
22113,GREY HEART HOT WATER BOTTLE,OTHER,366.58,105,15,3.74,14
22138,BAKING SET 9 PIECE RETROSPOT,SETS,366.18,79,26,5.17,24
21733,RED HANGING HEART T-LIGHT HOLDER,LIGHTING,362.13,125,11,3.19,10
22197,"POPCORN HOLDER , SMALL",OTHER,357.65,479,11,0.9,10
85220,SMALL FAIRY CAKE FRIDGE MAGNETS,OTHER,348.0,240,1,1.45,1
21485,RED SPOT HEART HOT WATER BOTTLE,OTHER,345.91,72,13,5.38,12
21231,SWEETHEART CERAMIC TRINKET BOX,OTHER,343.55,283,17,1.31,15
22125,UNION JACK HOT WATER BOTTLE,OTHER,339.15,57,17,5.95,16
21864,UNION JACK FLAG PASSPORT COVER,OTHER,328.12,188,9,2.25,7
84946,ANTIQUE SILVER TEA GLASS ETCHED,OTHER,325.56,300,16,1.31,13
21527,RETRO SPOT TRADITIONAL TEAPOT,OTHER,324.8,40,13,8.6,12
85042,ANTIQUE LILY FAIRY LIGHTS,LIGHTING,312.77,73,11,5.91,8
20971,PINK BLUE FELT CRAFT TRINKET BOX,OTHER,308.15,283,6,1.22,6
90035B,"PEARL & SHELL 42""NECKL. PINK",OTHER,305.64,36,1,8.49,1
72023F,RED ORGANIC CANDLE IN GLASS,OTHER,300.6,348,3,0.98,2
85014B,RED/WHITE DOTS RUFFLED UMBRELLA,OTHER,287.8,46,14,6.96,12
85174,S/4 CACTI CANDLES,OTHER,285.05,58,8,8.81,3
21477,STRING OF 20 ROSE LIGHTS,LIGHTING,282.75,25,4,12.3,4
85040B,SET/4 BLUE FLOWER CANDLES IN BOWL,SETS,280.05,193,2,1.55,2
21931,JUMBO STORAGE BAG SUKI,BAGS,276.95,155,16,2.22,12
21843,RETRO SPOT CAKE STAND,OTHER,273.35,31,13,11.78,11
20725,LUNCH BAG RED SPOTTY,BAGS,266.45,172,9,1.92,8
71477,COLOUR GLASS. STAR T-LIGHT HOLDER,LIGHTING,266.25,93,6,3.0,4
21842,PINK HEART CANDY BUTTON CALCULATOR,OTHER,264.0,112,4,2.44,4
17165B,ASS COL LARGE SAND GECKO P'WEIGHT,OTHER,258.45,301,3,0.98,2
82482,WOODEN PICTURE FRAME WHITE FINISH,OTHER,248.1,110,10,2.46,10
21490,SET OF THREE 50'S GIFT WRAPS,SETS,246.95,128,21,2.38,16
21622,VINTAGE UNION JACK CUSHION COVER,OTHER,245.54,46,8,6.06,7
37503,TEA TIME CAKE STAND IN GIFT BOX,GIFTS,239.5,25,9,14.31,6
84032A,CHARLIE+LOLA PINK HOT WATER BOTTLE,OTHER,235.44,105,7,3.18,6
48173C,DOOR MAT BLACK FLOCK,OTHER,235.23,33,8,8.33,6
85099F,JUMBO BAG STRAWBERRY,BAGS,233.25,135,7,1.91,7
22095,LADS ONLY TISSUE BOX,OTHER,231.25,185,6,1.25,4
21888,BINGO SET,SETS,228.08,49,13,5.61,7
22294,HEART FILIGREE DOVE  SMALL,OTHER,226.25,181,10,1.25,10
21479,WHITE SKULL HOT WATER BOTTLE,OTHER,221.81,57,13,4.37,11
21791,VINTAGE HEADS AND TAILS CARD GAME,OTHER,221.67,195,14,1.32,9
48184,DOOR MAT ENGLISH ROSE,OTHER,219.0,36,5,6.43,5
82494L,WOODEN FRAME ANTIQUE WHITE,OTHER,217.55,77,11,2.91,11
21484,CHICK GREY HOT WATER BOTTLE,OTHER,209.7,66,8,3.39,8
20747,PICCADILLY TEA SET,SETS,209.3,14,4,14.95,4
51008,AFGHAN SLIPPER SOCK PAIR,OTHER,207.0,60,2,3.45,2
22356,"CHARLOTTE BAG , PINK/WHITE SPOTS",BAGS,206.9,272,10,0.91,9
22335,HEART DECORATION PAINTED ZINC,OTHER,205.85,361,5,0.63,5
79323LP,LIGHT PINK CHERRY LIGHTS,LIGHTING,205.05,35,5,6.49,5
21732,RED HANGING METAL STAR TLIGHT HLDR,LIGHTING,204.84,60,4,3.48,4
90035C,"PEARL & SHELL 42""NECKL. IVORY",OTHER,204.25,19,1,10.75,1
20823,GOLD WINE GOBLET,OTHER,204.0,48,1,4.25,1
48185,DOOR MAT FAIRY CAKE,OTHER,202.36,28,8,9.32,5
20750,RED/WHITE DOT MINI CASES,OTHER,200.1,30,5,7.31,5
37410,BLACK AND WHITE PAISLEY FLOWER MUG,OTHER,200.08,217,2,8.67,1
22064,PINK DOUGHNUT TRINKET POT,OTHER,197.17,121,10,1.99,8
79323S,SILVER CHERRY LIGHTS,LIGHTING,196.12,28,7,7.77,6
20979,36 PENCILS TUBE RED SPOTTY,OTHER,195.89,173,7,1.41,6
84854,GIRLY PINK TOOL SET,SETS,195.35,29,12,6.49,5
21700,BIG DOUGHNUT FRIDGE MAGNETS,OTHER,192.25,217,5,2.41,3
22195,LARGE HEART MEASURING SPOONS,OTHER,190.64,122,10,1.99,6
15056N,EDWARDIAN PARASOL NATURAL,OTHER,190.4,34,5,5.95,5
47591D,PINK FAIRY CAKE CHILD'S APRON,OTHER,190.15,104,10,2.16,9
21955,UNION JACK GUNS & ROSES  DOORMAT,OTHER,189.23,25,9,9.03,6
20825,GOLD WINE GLASS,OTHER,188.76,49,2,14.72,1
72802A,ROSE SCENT CANDLE IN JEWELLED BOX,OTHER,187.13,49,2,4.03,2
82582,AREA PATROLLED METAL SIGN,OTHER,184.88,100,6,2.4,5
84050,PINK HEART SHAPE EGG FRYING PAN,OTHER,184.65,141,5,1.57,5
84031B,CHARLIE LOLA BLUE HOT WATER BOTTLE,OTHER,182.17,58,3,5.72,2
84031A,CHARLIE+LOLA RED HOT WATER BOTTLE,OTHER,181.95,59,3,4.1,2
22187,GREEN CHRISTMAS TREE CARD HOLDER,SEASONAL,179.55,43,7,4.81,6
72760B,VINTAGE CREAM 3 BASKET CAKE STAND,OTHER,179.1,18,7,9.95,7
20780,BLACK EAR MUFF HEADPHONES,OTHER,178.66,37,2,7.96,1
22109,FULL ENGLISH BREAKFAST PLATE,OTHER,176.54,48,9,4.12,6
21181,PLEASE ONE PERSON  METAL SIGN,OTHER,176.5,83,12,2.28,11
84997B,RED 3 PIECE MINI DOTS CUTLERY SET,SETS,176.25,47,7,3.75,7
85061W,WHITE JEWELLED HEART DECORATION,OTHER,175.7,265,3,1.06,2
82001S,VINYL RECORD FRAME SILVER,OTHER,173.97,51,3,3.51,3
21912,VINTAGE SNAKES & LADDERS,OTHER,169.87,41,15,4.82,9
85099C,JUMBO  BAG BAROQUE BLACK WHITE,BAGS,169.65,87,10,1.95,8
21430,SET/3 RED GINGHAM ROSE STORAGE BOX,SETS,169.29,41,9,5.5,5
22215,CAKE STAND WHITE TWO TIER LACE,OTHER,168.3,21,6,8.36,6
22130,PARTY CONE CHRISTMAS DECORATION,SEASONAL,166.75,187,14,1.41,11
21731,RED TOADSTOOL LED NIGHT LIGHT,LIGHTING,165.26,98,7,1.9,6
21929,JUMBO BAG PINK VINTAGE PAISLEY,BAGS,161.85,87,12,1.95,12
85183A,CHARLIE & LOLA WASTEPAPER BIN BLUE,OTHER,159.28,63,4,4.42,3
85047,WHITE BEADED GARLAND STRING 20LIGHT,LIGHTING,158.75,27,6,6.35,6
21146,ANTIQUE GLASS RIDGED HANGING BALL,OTHER,158.4,96,1,1.65,1
20711,JUMBO BAG TOYS,BAGS,157.95,105,6,1.84,5
84991,60 TEATIME FAIRY CAKE CASES,OTHER,157.75,280,13,0.61,12
84519B,CARROT CHARLIE+LOLA COASTER SET,SETS,156.08,62,3,4.83,1
21238,RED SPOTTY CUP,OTHER,155.82,198,11,0.84,11
21621,VINTAGE UNION JACK BUNTING,OTHER,153.0,18,7,8.5,7
84997A,GREEN 3 PIECE MINI DOTS CUTLERY SET,SETS,150.0,40,7,3.75,7
37449,CERAMIC CAKE STAND + HANGING CAKES,OTHER,149.4,15,4,12.52,3
22198,"POPCORN HOLDER , LARGE",OTHER,147.93,89,5,1.97,4
72741,GRAND CHOCOLATECANDLE,OTHER,147.8,92,8,3.25,6
22295,HEART FILIGREE DOVE LARGE,OTHER,146.98,88,9,1.85,8
85183B,CHARLIE & LOLA WASTEPAPER BIN FLORA,OTHER,144.0,60,1,2.4,1
21541,DINOSAURS WATER TRANSFER TATTOOS,OTHER,143.6,214,3,1.07,2
21216,"SET 3 RED SPOT TIN TEA,COFFEE,SUGAR",SETS,142.96,31,5,6.07,4
22349,"DOG BOWL , CHASING BALL DESIGN",OTHER,142.5,38,9,3.75,8
84032B,CHARLIE + LOLA RED HOT WATER BOTTLE,OTHER,141.94,73,7,3.24,6
21543,BUTTERFLY WATER TRANSFER TATTOOS,OTHER,141.9,213,3,1.07,2
20914,SET/5 RED SPOTTY LID GLASS BOWLS,SETS,141.74,49,12,3.21,9
90062,CARNIVAL BRACELET,OTHER,140.25,11,3,12.75,3
82615,PINK MARSHMALLOW SCARF KNITTING KIT,OTHER,140.24,53,3,3.85,2
21100,CHARLIE AND LOLA CHARLOTTE BAG,BAGS,140.1,94,7,1.58,7
84997D,PINK 3 PIECE MINI DOTS CUTLERY SET,SETS,138.75,37,6,3.75,6
21116,OWL DOORSTOP,OTHER,138.4,16,7,8.65,0
21017,RED BIRD HOUSE TREE DECORATION,OTHER,138.24,192,1,0.72,1
21977,PACK OF 60 PINK PAISLEY CAKE CASES,OTHER,136.8,273,9,0.62,8
21591,COSY HOUR CIGAR BOX MATCHES,OTHER,136.25,109,8,1.25,7
20682,RED SPOTTY CHILDS UMBRELLA,OTHER,133.66,42,8,3.71,7
21098,CHRISTMAS TOILET ROLL,SEASONAL,132.89,97,7,1.41,6
21671,RED SPOT CERAMIC DRAWER KNOB,OTHER,132.35,115,6,1.22,6
21133,PAINTED BIRD ASSORTED CHRISTMAS,SEASONAL,131.82,78,6,1.69,6
21590,KINGS CHOICE CIGAR BOX MATCHES,OTHER,131.25,105,7,1.25,7
21844,RETRO SPOT MUG,OTHER,130.36,40,6,3.46,5
20724,RED SPOTTY CHARLOTTE BAG,BAGS,130.05,150,10,0.94,9
22218,CAKE STAND LACE WHITE,OTHER,128.25,33,5,4.15,5
21108,FAIRY CAKE FLANNEL ASSORTED COLOUR,OTHER,127.92,44,5,3.6,3
21523,FANCY FONT HOME SWEET HOME DOORMAT,OTHER,127.0,20,7,6.64,7
48187,DOOR MAT NEW ENGLAND,OTHER,127.0,20,8,6.65,8
20727,LUNCH BAG  BLACK SKULL.,BAGS,126.95,83,5,1.61,5
21042,RED SPOTTY APRON,OTHER,126.05,20,7,6.96,5
85232B,SET/3 RUSSIAN DOLL STACKING TINS,SETS,123.75,25,6,4.95,6
17164D,ASS COL SMALL SAND FROG P'WEIGHT,OTHER,122.52,326,4,0.41,3
21610,SET 12 PEAR BOTANICAL T-LIGHTS,LIGHTING,122.4,48,1,2.55,1
11001,ASSTD DESIGN RACING CAR PEN,OTHER,121.78,70,4,2.12,2
84598,BOYS ALPHABET IRON ON PATCHES,OTHER,121.39,577,2,0.32,1
84568,GIRLS ALPHABET IRON ON PATCHES,OTHER,120.96,576,2,0.21,2
84519A,TOMATO CHARLIE+LOLA COASTER SET,SETS,120.4,56,1,2.15,1
22145,CHRISTMAS CRAFT HEART STOCKING,SEASONAL,120.2,66,8,2.07,7
85014C,BLUE/BROWN DOTS RUFFLED UMBRELLA,OTHER,120.1,19,7,6.96,6
21210,SET OF 72 RETRO SPOT PAPER  DOILIES,SETS,119.32,79,7,1.68,6
82486,WOOD S/3 CABINET ANT WHITE FINISH,OTHER,119.25,15,5,7.95,5
20675,BLUE SPOTTY BOWL,OTHER,118.96,104,9,1.38,8
22273,FELTCRAFT DOLL MOLLY,OTHER,118.56,36,14,3.61,10
20940,SET/6 GARDEN GNOME T-LIGHT CANDLES,LIGHTING,118.49,44,4,3.62,3
21411,GINGHAM HEART  DOORSTOP RED,OTHER,118.25,41,4,3.81,4
84836,ZINC METAL HEART DECORATION,OTHER,117.78,90,7,1.44,6
21041,RED SPOTTY OVEN GLOVE DOUBLE,OTHER,115.33,43,12,3.46,10
22072,TEA CUP AND SAUCER RETRO SPOT,OTHER,115.3,20,5,4.56,3
85066,CREAM SWEETHEART MINI CHEST,OTHER,115.29,8,5,15.41,4
21833,CAMOUFLAGE LED TORCH,OTHER,115.07,65,9,2.08,7
21784,SHOE SHINE BOX,OTHER,114.85,8,3,13.87,2
84970L,SINGLE HEART ZINC T-LIGHT HOLDER,LIGHTING,114.0,120,3,0.95,3
48129,DOOR MAT TOPIARY,OTHER,113.87,17,7,7.65,5
21186,WHITE DOVE HONEYCOMB PAPER GARLAND,OTHER,113.67,65,7,2.64,2
21625,VINTAGE UNION JACK APRON,OTHER,112.04,15,4,8.9,3
84360,TABLE LAMP WHITE SHADE WOOD BASE,OTHER,111.6,24,2,4.65,2
84992,72 SWEETHEART FAIRY CAKE CASES,OTHER,111.3,228,10,0.61,8
22088,PAPER BUNTING COLOURED LACE,OTHER,110.85,43,3,2.82,2
21481,FAWN BLUE HOT WATER BOTTLE,OTHER,109.71,35,11,3.51,9
35001W,HAND OPEN SHAPE DECO.WHITE,OTHER,109.54,46,4,4.65,3
79072,TEATIME CAKE TIN WITH HANDLE,OTHER,109.2,8,5,15.87,1
21398,RED  SPOTTY COFFEE  MUG,OTHER,109.2,60,2,1.92,2
22186,RED STAR CARD HOLDER,OTHER,109.15,37,7,2.95,7
22296,HEART IVORY TRELLIS LARGE,OTHER,109.03,65,7,1.9,6
84997C,BLUE 3 PIECE MINI DOTS CUTLERY SET,SETS,108.75,29,6,3.75,6
22147,FELTCRAFT BUTTERFLY HEARTS,OTHER,108.67,75,12,2.09,5
85034A,3 GARDENIA MORRIS BOXED CANDLES,OTHER,108.44,28,2,4.03,2
21136,PAINTED METAL PEARS ASSORTED,OTHER,108.16,64,4,1.69,4
21491,SET OF THREE VINTAGE GIFT WRAPS,SETS,108.05,53,16,2.24,13
85014A,BLACK/BLUE DOTS RUFFLED UMBRELLA,OTHER,107.1,18,6,5.95,6
21539,RETRO SPOTS BUTTER DISH,OTHER,106.89,15,7,7.28,4
21410,COUNTRY COTTAGE  DOORSTOP GREEN,OTHER,105.8,36,4,6.01,2
20754,RETRO RED SPOTTY WASHING UP GLOVES,OTHER,105.2,48,11,2.3,9
21080,SET/20 RED SPOTTY PAPER NAPKINS,SETS,102.85,119,12,0.92,10
22193,RED DINER WALL CLOCK,OTHER,102.35,11,4,10.71,3
21341,KASBAH LANTERN WITH GLASS,OTHER,102.0,24,1,4.25,1
22282,12 EGG HOUSE PAINTED WOOD,OTHER,102.0,8,2,12.75,2
79341,WILLOW BRANCH LIGHTS.,LIGHTING,101.99,13,4,10.31,2
48188,DOOR MAT WELCOME PUPPIES,OTHER,101.99,13,6,9.12,4
20765,CHRYSANTHEMUM SKETCHBOOK,OTHER,101.9,34,3,3.48,2
84358,FLOOR LAMP SHADE WOOD BASE,OTHER,101.88,12,1,8.49,1
20827,GOLD APERITIF GLASS,OTHER,101.76,48,1,2.12,1
20826,SILVER APERITIF GLASS,OTHER,101.76,48,1,2.12,1
21242,RED SPOTTY PLATE,OTHER,101.7,54,6,1.98,5
21493,VINTAGE DESIGN GIFT TAGS,GIFTS,101.15,115,15,0.91,13
21205,MULTICOLOUR 3D BALLS GARLAND,OTHER,100.8,48,1,2.1,1
22180,RETRO SPOT LAMP,OTHER,100.43,9,5,12.13,4
20886,BOX OF 9 PEBBLE CANDLES,OTHER,100.25,49,8,2.54,6
17165D,ASS COL LARGE SAND FROG P'WEIGHT,OTHER,100.2,116,2,0.95,2
21877,HOME SWEET HOME MUG,OTHER,100.07,91,4,1.2,4
85065,CREAM SWEETHEART TRAYS,OTHER,99.5,10,1,9.95,1
20677,PINK SPOTTY BOWL,OTHER,98.96,88,6,1.44,5
21673,WHITE SPOT BLUE CERAMIC DRAWER KNOB,OTHER,98.74,86,3,1.63,2
21821,GLITTER STAR GARLAND WITH BELLS,OTHER,97.5,26,6,3.75,4
85150,LADIES & GENTLEMEN METAL SIGN,OTHER,97.11,35,8,3.2,6
21889,WOODEN BOX OF DOMINOES,OTHER,96.53,73,7,1.44,6
21928,JUMBO BAG SCANDINAVIAN PAISLEY,BAGS,95.55,49,5,1.95,5
22415,WHITE TISSUE REAM,OTHER,95.4,12,7,7.95,7
35004B,SET OF 3 BLACK FLYING DUCKS,SETS,94.8,15,2,8.82,1
21587,COSY HOUR GIANT TUBE MATCHES,OTHER,94.35,37,5,2.55,5
85038,6 CHOCOLATE LOVE HEART T-LIGHTS,LIGHTING,93.72,54,2,1.9,2
22199,FRYING PAN RED POLKADOT,OTHER,93.65,21,5,5.13,4
21669,BLUE STRIPE CERAMIC DRAWER KNOB,OTHER,93.6,84,2,1.16,2
22275,WEEKEND BAG VINTAGE ROSE PAISLEY,BAGS,93.5,11,7,8.5,5
21975,PACK OF 60 DINOSAUR CAKE CASES,OTHER,93.5,197,9,0.62,7
85041,SET/4 PINK ORCHID CANDLES IN BOWL,SETS,92.83,61,3,2.18,2
84077,WORLD WAR 2 GLIDERS ASSTD DESIGNS,OTHER,92.79,483,5,0.2,5
84990,60 GOLD AND SILVER FAIRY CAKE CASES,OTHER,92.4,168,6,0.55,6
84619,BLUE GINGHAM ROSE QUILT,OTHER,91.9,2,2,45.95,2
37494A,FAIRY CAKE CERAMIC BUTTER DISH,OTHER,91.8,36,1,2.55,1
21156,RED SPOTTY CHILDS APRON,OTHER,91.65,47,6,1.95,6
84327A,PINK JUMPER LARRY THE LAMB,OTHER,91.62,53,3,1.96,3
22107,PIZZA PLATE IN BOX,OTHER,90.84,23,9,4.2,7
21533,RETRO SPOT LARGE MILK JUG,OTHER,90.57,17,10,6.58,5
22321,BIRD DECORATION RED SPOT,OTHER,90.24,108,6,0.83,6
21804,WHITE CHRISTMAS GARLAND STARS TREES,SEASONAL,90.0,24,2,3.75,2
21323,HANGING MEDINA LANTERN LARGE,OTHER,90.0,24,1,3.75,1
22353,LUNCHBOX WITH CUTLERY FAIRY CAKES,OTHER,89.39,33,9,3.13,6
21035,SET/2 RED SPOTTY TEA TOWELS,SETS,88.64,29,8,3.34,6
22065,CHRISTMAS PUDDING TRINKET POT,SEASONAL,88.59,57,7,2.02,5
21790,VINTAGE SNAP CARDS,OTHER,88.4,99,8,0.96,6
21930,JUMBO STORAGE BAG SKULLS,BAGS,87.75,45,6,1.95,6
85049A,TRADITIONAL CHRISTMAS RIBBONS,SEASONAL,87.5,70,6,1.25,6
22350,CAT BOWL,OTHER,86.7,34,6,2.55,6
22122,SET OF 2 FANCY FONT TEA TOWELS,SETS,85.69,28,5,3.57,3
21241,GREEN SPOTTY CUP,OTHER,85.27,115,3,0.81,3
84352,SILVER CHRISTMAS TREE BAUBLE STAND,SEASONAL,84.75,5,4,16.95,4
82600,NO SINGING METAL SIGN,OTHER,84.1,39,5,2.54,4
37370,RETRO COFFEE MUGS ASSORTED,OTHER,83.42,18,6,11.4,2
21642,ASSORTED TUTTI FRUTTI PEN,OTHER,83.3,97,5,1.02,4
85014D,PINK/BROWN DOTS RUFFLED UMBRELLA,OTHER,83.3,14,7,5.95,7
82483,WOOD 2 DRAWER CABINET WHITE FINISH,OTHER,83.3,16,7,5.95,7
84029G,KNITTED UNION FLAG HOT WATER BOTTLE,OTHER,83.06,20,8,4.76,6
21832,CHOCOLATE CALCULATOR,OTHER,82.76,48,5,2.01,4
22272,FELTCRAFT DOLL MARIA,OTHER,82.74,27,9,3.29,8
22271,FELTCRAFT DOLL ROSIE,OTHER,82.6,28,11,2.95,8
20712,JUMBO BAG WOODLAND ANIMALS,BAGS,82.35,35,8,2.24,6
22300,COFFEE MUG DOG + BALL DESIGN,OTHER,81.88,28,6,2.99,5
21531,RETRO SPOT SUGAR JAM BOWL,OTHER,81.81,29,8,3.53,5
37461,FUNKY MONKEY MUG,OTHER,81.6,96,1,0.85,1
84832,ZINC WILLIE WINKIE  CANDLE STICK,OTHER,81.6,96,5,0.85,5
21137,BLACK RECORD COVER FRAME,OTHER,81.36,24,1,3.39,1
20681,PINK SPOTTY CHILDS UMBRELLA,OTHER,81.25,25,4,3.25,4
48111,DOOR MAT 3 SMILEY CATS,OTHER,81.0,12,6,6.75,6
20728,LUNCH BAG CARS BLUE,BAGS,80.85,49,7,1.65,6
85231L,LAVENDER SCENTED SET/9 T-LIGHTS,LIGHTING,79.9,94,4,0.85,4
20726,LUNCH BAG WOODLAND,BAGS,79.2,48,6,1.65,6
20934,SET/3 POT PLANT CANDLES,SETS,79.2,16,1,4.95,1
21708,FOLDING UMBRELLA  CREAM/MULTI  SPOT,OTHER,79.2,16,2,4.95,2
21535,RETRO SPOT SMALL MILK JUG,OTHER,79.19,31,9,2.84,8
20674,GREEN SPOTTY BOWL,OTHER,78.89,73,2,1.82,1
72815,3 WICK CHRISTMAS BRIAR CANDLE,SEASONAL,78.75,21,4,3.75,4
20784,RED RETRO BAR STOOL,OTHER,78.22,1,1,78.22,0
35001G,HAND OPEN SHAPE GOLD,OTHER,78.02,22,3,3.96,3
22165,"DIAMANTE HEART SHAPED WALL MIRROR,",OTHER,77.58,4,4,19.4,2
22121,NOEL WOODEN BLOCK LETTERS,OTHER,77.58,12,5,7.19,4
21756,BATH BUILDING BLOCK WORD,OTHER,77.35,13,5,5.95,5
21871,SAVE THE PLANET MUG,OTHER,77.15,77,8,2.07,4
20768,GREEN FERN JOURNAL,OTHER,76.5,30,3,2.55,3
21256,"FRENCH BOTTLE, BRASSERIE DES ARTIST",OTHER,76.46,50,2,2.44,1
21500,PINK SPOTS  WRAP,OTHER,76.0,200,4,0.4,4
21811,CHRISTMAS HANGING HEART WITH BELL,SEASONAL,75.0,60,5,1.25,5
85071B,RED CHARLIE+LOLA PERSONAL DOORSIGN,OTHER,74.83,109,4,2.31,4
85231B,CINAMMON SET OF 9 T-LIGHTS,LIGHTING,74.8,86,10,1.02,7
48116,DOOR MAT MULTICOLOUR STRIPE,OTHER,74.62,10,4,8.53,3
21868,POTTING SHED TEA MUG,OTHER,74.36,56,9,1.49,8
21482,MUSHROOM BLUE HOT WATER BOTTLE,OTHER,74.31,21,10,3.88,7
48194,DOORMAT HEARTS,OTHER,74.25,11,6,6.75,6
84006,MAGIC TREE -PAPER FLOWERS,OTHER,73.95,86,4,1.06,3
21480,PINK STRIPE HOT WATER BOTTLE,OTHER,73.89,24,9,3.29,8
21164,HOME SWEET HOME METAL SIGN,OTHER,73.89,24,6,3.46,4
21257,VICTORIAN SEWING BOX MEDIUM,OTHER,72.13,12,7,9.17,5
72267,PREMIUM CHURCH CANDLE,OTHER,71.4,34,7,2.1,7
22276,WASH BAG VINTAGE ROSE PAISLEY,BAGS,71.4,28,8,2.55,6
22073,RETRO SPOT STORAGE JAR,OTHER,71.25,21,8,3.75,6
22224,WHITE LOVEBIRD LANTERN,OTHER,71.22,21,4,3.72,3
21165,BEWARE OF THE CAT METAL SIGN,OTHER,71.13,39,3,2.56,2
22082,RIBBON REEL STRIPES DESIGN,OTHER,70.95,43,6,1.65,6
84030C,KNITTED RAINBOW HOT WATER BOTTLE,OTHER,70.02,9,6,7.78,0
21218,RED SPOTTY BISCUIT TIN,OTHER,69.8,18,8,4.97,6
22212,FOUR HOOK  WHITE LOVEBIRDS,OTHER,69.4,32,6,2.47,5
72807C,SET/3 VANILLA SCENTED CANDLE IN BOX,SETS,69.35,11,7,8.02,1
84270,ASSTD DESIGN BUBBLE GUM RING,OTHER,69.3,330,7,0.21,6
21584,RETRO SPOT SMALL TUBE MATCHES,OTHER,69.3,42,3,1.65,3
21703,BAG 125G SWIRLY MARBLES,BAGS,69.12,192,2,0.36,2
90085,CRYSTAL STILETTO PHONE CHARM,OTHER,68.85,243,3,0.85,1
22355,"CHARLOTTE BAG , SUKI DESIGN",BAGS,68.85,67,6,0.99,5
21252,SET OF MEADOW  FLOWER STICKERS,SETS,68.54,35,5,3.32,4
22207,FRYING PAN UNION FLAG,OTHER,68.15,15,6,4.98,5
22194,BLACK DINER WALL CLOCK,OTHER,68.0,8,2,8.5,2
84872A,TEATIME FUNKY FLOWER BACKPACK FOR 2,OTHER,67.56,6,5,11.26,0
21351,CINAMMON & ORANGE WREATH,OTHER,67.5,10,3,6.75,3
22101,MIRROR MOSAIC VOTIVE HOLDER,OTHER,66.6,36,1,1.85,1
20975,12 PENCILS SMALL TUBE RED SPOTTY,OTHER,65.65,100,11,0.71,9
22274,FELTCRAFT DOLL EMILY,OTHER,65.18,20,7,3.39,5
47566,PARTY BUNTING,OTHER,65.1,14,4,4.65,4
21706,"FOLDING UMBRELLA , RED/WHITE SPOT",OTHER,64.35,13,2,4.95,2
21707,"FOLDING UMBRELLA , BLACK/BLUE  SPOT",OTHER,64.35,13,2,4.95,2
72807A,SET/3 ROSE CANDLE IN JEWELLED BOX,SETS,63.9,14,4,5.35,3
22352,LUNCHBOX WITH CUTLERY RETROSPOT,OTHER,63.75,25,3,2.55,2
20748,KENSINGTON COFFEE SET,SETS,63.75,5,4,12.75,3
21086,SET/6 RED SPOTTY PAPER CUPS,SETS,63.7,98,5,0.65,4
21777,RECIPE BOX WITH METAL HEART,OTHER,63.6,8,3,7.95,2
21353,SILVER SLEIGHBELL  WREATH,OTHER,63.6,8,3,7.95,3
22142,CHRISTMAS CRAFT WHITE FAIRY,SEASONAL,63.41,45,12,1.62,8
21033,JUMBO BAG CHARLIE AND LOLA TOYS,BAGS,62.95,31,2,2.48,2
21431,GREEN GINGHAM FLOWER JEWELLERY BOX,OTHER,62.83,37,8,1.87,6
21143,ANTIQUE GLASS HEART DECORATION,OTHER,62.8,31,4,2.54,3
21740,COSY SLIPPER SHOES LARGE RED,OTHER,62.79,15,6,3.46,5
20770,ABSTRACT CIRCLE JOURNAL,OTHER,61.2,24,2,2.55,2
90090,PINK CRYSTAL HEART PHONE CHARM,OTHER,61.2,144,7,0.85,1
84970S,HANGING HEART ZINC T-LIGHT HOLDER,LIGHTING,61.2,120,7,0.85,6
21106,CREAM SLICE FLANNEL CHOCOLATE SPOT,OTHER,61.2,24,1,2.55,1
21809,CHRISTMAS HANGING TREE WITH BELL,SEASONAL,60.07,47,6,1.47,4
21670,BLUE SPOT CERAMIC DRAWER KNOB,OTHER,60.0,48,4,1.25,3
21121,SET/10 RED SPOTTY PARTY CANDLES,SETS,60.0,48,2,1.25,2
21672,WHITE SPOT RED CERAMIC DRAWER KNOB,OTHER,60.0,48,2,1.25,2
85049E,SCANDINAVIAN REDS RIBBONS,OTHER,60.0,48,5,1.25,5
21761,WOOD AND GLASS MEDICINE CABINET,OTHER,59.9,2,2,29.95,2
21812,GARLAND WITH HEARTS AND BELLS,OTHER,59.89,11,3,6.76,2
21432,SET OF 3 CASES WOODLAND DESIGN,SETS,59.5,10,3,5.95,3
22169,FAMILY ALBUM WHITE PICTURE FRAME,OTHER,59.5,7,3,8.5,3
84948,SILVER HANGING T-LIGHT HOLDER DOME,LIGHTING,59.4,36,2,1.65,2
21711,FOLDING UMBRELLA  WHITE/RED  SPOT,OTHER,59.4,12,1,4.95,1
22195,HEART MEASURING SPOONS LARGE,OTHER,59.4,36,2,1.65,2
21710,FOLDING UMBRELLA  PINK/WHITE  SPOT,OTHER,59.4,12,1,4.95,1
21558,SKULL LUNCHBOX WITH CUTLERY,OTHER,59.21,15,7,4.42,1
21155,RED SPOTTY PEG BAG,BAGS,58.8,28,3,2.1,3
20751,FUNKY WASHING UP GLOVES ASSORTED,OTHER,58.8,28,6,2.1,5
37446,MINI CAKE STAND WITH HANGING CAKES,OTHER,58.46,42,3,2.04,2
22150,3 STRIPEY MICE FELTCRAFT,OTHER,57.35,27,10,2.18,7
21326,AGED GLASS SILVER T-LIGHT HOLDER,LIGHTING,57.2,88,4,0.65,4
71053,WHITE METAL LANTERN,OTHER,57.1,10,5,6.69,2
85067,CREAM SWEETHEART WALL CABINET,OTHER,56.85,3,2,18.95,2
22079,RIBBON REEL HEARTS DESIGN,OTHER,56.36,32,8,1.87,6
22303,COFFEE MUG APPLES DESIGN,OTHER,56.24,20,5,3.07,3
20828,GLITTER BUTTERFLY CLIPS,OTHER,56.17,21,5,3.07,4
21537,RETRO SPOTS PUDDING BOWL,OTHER,55.55,11,4,5.35,3
85112,S/3 TEAR DROP CUT GLASS DECORATION,OTHER,55.14,42,6,1.47,5
85152,HAND OVER THE CHOCOLATE   SIGN,OTHER,54.8,24,5,2.54,4
22174,PHOTO CUBE,OTHER,54.75,17,6,3.13,1
21478,SILVER SKULL HOT WATER BOTTLE,OTHER,54.46,7,5,7.78,0
22297,HEART IVORY TRELLIS SMALL,OTHER,53.96,40,4,1.58,3
22320,BIRDS MOBILE VINTAGE DESIGN,OTHER,53.78,8,4,7.5,3
21556,CERAMIC STRAWBERRY MONEY BOX,OTHER,53.55,21,3,2.55,3
21837,CROSS STITCH ALPHABET CUSHION COVER,OTHER,53.55,9,4,5.95,4
22077,6 RIBBONS RUSTIC CHARM,OTHER,53.45,27,7,2.67,3
22115,METAL SIGN EMPIRE TEA,OTHER,53.24,17,5,3.57,4
20913,SET/5 BLUE SPOTTY LID GLASS BOWLS,SETS,53.24,17,6,3.46,5
84773,RED ROSE AND LACE C/COVER,OTHER,53.1,18,1,2.95,1
47556B,TEA TIME TEA TOWELS,OTHER,53.1,18,6,2.95,5
21429,RED GINGHAM ROSE JEWELLERY BOX,OTHER,52.93,33,8,1.87,7
84380,SET OF 3 BUTTERFLY COOKIE CUTTERS,SETS,52.71,39,4,1.58,3
84029C,BROWN FURRY HOT WATER BOTTLE,OTHER,52.5,14,3,3.75,3
21498,RED SPOTS  WRAP,OTHER,52.5,125,4,0.42,4
22178,VICTORIAN GLASS HANGING T-LIGHT,LIGHTING,52.5,42,4,1.25,4
21805,WHITE CHRISTMAS TREE DECORATION,SEASONAL,52.23,119,5,0.51,4
21172,PARTY METAL SIGN,OTHER,52.2,36,3,1.45,3
17181,CIRCLE OF FRIENDS CANDLE HOLDER,OTHER,51.7,10,2,5.17,0
21806,WHITE CHRISTMAS HEART DECORATION,SEASONAL,51.36,118,5,0.51,4
20676,RED SPOTTY BOWL,OTHER,51.25,41,6,1.25,6
47566B,TEA TIME PARTY BUNTING,OTHER,51.15,11,3,4.65,3
21582,KINGS CHOICE SMALL TUBE MATCHES,OTHER,51.15,31,4,1.65,4
21735,TWO DOOR CURIO CABINET,OTHER,51.0,4,2,12.75,2
22196,SMALL HEART MEASURING SPOONS,OTHER,51.0,56,9,0.94,5
22172,METAL SHELF WITH RAIL,OTHER,51.0,6,4,8.5,4
84984D,ORIENTAL RED C/COVER,OTHER,51.0,12,1,4.25,1
21299,EDWARDIAN TOILET ROLL UNIT,OTHER,51.0,4,3,12.75,3
84813,SET OF 4 DIAMOND NAPKIN RINGS,SETS,51.0,4,3,12.75,3
84968B,S/16 VINTAGE IVORY CUTLERY,OTHER,51.0,4,2,12.75,2
84968C,S/16 VINTAGE PISTACHIO CUTLERY,OTHER,51.0,4,1,12.75,1
47504K,ENGLISH ROSE GARDEN SECATEURS,OTHER,50.7,26,2,1.95,2
22143,CHRISTMAS CRAFT HEART DECORATIONS,SEASONAL,50.6,22,7,2.41,6
37502,TEA TIME MUG IN GIFT BOX,GIFTS,50.15,17,3,2.95,3
20972,PINK CREAM FELT CRAFT TRINKET BOX,OTHER,50.07,39,7,1.44,6
20718,RED SPOTTY SHOPPER BAG,BAGS,50.0,40,5,1.25,5
18098C,PORCELAIN BUTTERFLY OIL BURNER,OTHER,49.48,10,6,4.8,0
22166,"WALL MIRROR , RECT DIAMANTE, PINK/",OTHER,49.44,3,3,16.48,0
20970,PINK FLORAL FELTCRAFT SHOULDER BAG,BAGS,49.03,12,5,4.56,4
21243,PINK  SPOTTY PLATE,OTHER,49.01,29,4,1.69,4
47503K,ASSORTED FLORAL SECATEURS,OTHER,48.75,25,2,1.95,1
20752,RETRO BLUE SPOTTY WASHING UP GLOVES,OTHER,48.6,20,7,2.41,4
35957,SMALLFOLKART BAUBLE CHRISTMAS DEC,SEASONAL,48.54,247,4,0.3,4
85231E,STRAWBERRY SCENTED SET/9 T-LIGHTS,LIGHTING,48.45,57,3,0.85,3
21586,KINGS CHOICE GIANT TUBE MATCHES,OTHER,48.45,19,3,2.55,3
21935,SUKI  SHOULDER BAG,BAGS,48.37,25,4,2.09,3
22075,6 RIBBONS ELEGANT CHRISTMAS,SEASONAL,47.85,29,4,1.65,4
21359,RELAX LARGE WOOD LETTERS,OTHER,47.85,3,2,15.95,2
20749,ASSORTED COLOUR MINI CASES,OTHER,47.7,6,3,7.95,3
21524,SPOTTY  HOME SWEET HOME DOORMAT,OTHER,47.62,6,4,8.53,3
22144,CHRISTMAS CRAFT LITTLE FRIENDS,SEASONAL,47.3,13,9,3.81,2
16237,SLEEPING CAT ERASERS,OTHER,47.27,223,5,0.25,4
48195,DOOR MAT GREEN PAISLEY,OTHER,47.25,7,4,6.75,4
21004,ROSE DU SUD CHILDS APRON,OTHER,46.9,10,5,5.13,3
84396,6 HOOK JEWELLERY STAND BLACK DRESS,OTHER,46.8,24,1,1.95,1
85162C,WHITE RETRODISC LAMPSHADE,OTHER,46.8,24,1,1.95,1
21407,BROWN CHECK CAT DOORSTOP,OTHER,46.75,11,4,4.25,4
21638,ASSORTED TUTTI FRUTTI NOTEBOOK,OTHER,46.7,17,3,2.83,2
84472,PINK AND LILAC QUILTED THROW,OTHER,45.95,3,3,45.95,3
20771,CHRYSANTHEMUM  JOURNAL,OTHER,45.9,18,2,2.55,2
21039,RED SPOTTY SHOPPING BAG,BAGS,45.9,18,2,2.55,2
21244,BLUE  SPOTTY PLATE,OTHER,45.63,27,6,1.69,6
21472,LADYBIRD + BEE RAFFIA FOOD COVER,OTHER,45.56,10,5,5.36,3
21781,MA CAMPAGNE CUTLERY BOX,OTHER,45.34,2,2,22.67,1
35951,FOLKART BAUBLE CHRISTMAS DECORATION,SEASONAL,45.13,97,3,3.14,2
20982,12 PENCILS TALL TUBE SKULLS,OTHER,45.05,51,9,0.94,8
21726,MULTI HEARTS  STICKERS,OTHER,45.05,53,2,0.85,2
84873A,FUNKY FLOWER PICNIC BAG FOR 4,BAGS,45.04,4,4,11.26,0
72814,SET/3 CHRISTMAS BRIAR CANDLES,SETS,45.0,12,1,3.75,1
84987,SET OF 36 TEATIME PAPER DOILIES,SETS,44.95,31,5,1.45,5
21685,MEDINA STAMPED METAL TRAY,OTHER,44.85,3,2,14.95,2
21768,WALL MOUNTED VINTAGE ORGANISER,OTHER,44.85,3,3,14.95,3
22153,ANGEL DECORATION STARS ON DRESS,OTHER,44.67,101,3,0.57,2
72529W,WHITE ADVENT CANDLE,OTHER,44.58,20,5,2.56,4
21534,DAIRY MAID LARGE MILK JUG,OTHER,44.55,9,4,4.95,4
21175,GIN + TONIC DIET METAL SIGN,OTHER,44.3,19,6,2.47,5
21818,GLITTER CHRISTMAS HEART,SEASONAL,44.2,52,3,0.85,3
20753,RETRO PINK SPOT WASHING UP GLOVES,OTHER,44.2,20,7,2.41,5
21489,BLUE WHITE SCARF HOT WATER BOTTLE,OTHER,44.2,10,6,4.73,4
72008,FROSTED BOX 9 WHITE T-LIGHT CANDLES,LIGHTING,44.1,105,7,0.42,7
21826,EIGHT PIECE DINOSAUR SET,SETS,44.03,31,4,1.58,3
21122,SET/10 PINK SPOTTY PARTY CANDLES,SETS,43.82,34,8,1.42,7
21488,RED WHITE SCARF  HOT WATER BOTTLE,OTHER,43.45,11,4,3.95,3
79164,BLACK WINE GLASS,OTHER,43.4,2,1,21.7,0
72800E,4 IVORY DINNER CANDLES SILVER FLOCK,OTHER,43.35,17,3,2.55,3
21788,KIDS RAIN MAC BLUE,OTHER,43.35,50,4,1.06,3
84007,MAGIC GARDEN MOUNT FUJI,OTHER,43.35,17,4,2.55,4
22311,OFFICE MUG WARMER BLACK+SILVER,OTHER,43.25,5,3,8.65,0
22340,NOEL GARLAND PAINTED ZINC,OTHER,43.03,25,3,2.24,2
21357,TOAST ITS - DINOSAUR,OTHER,42.78,30,6,1.47,4
22192,BLUE DINER WALL CLOCK,OTHER,42.5,5,3,8.5,3
84692,BOX OF 24 COCKTAIL PARASOLS,OTHER,42.42,101,2,0.42,2
20829,GLITTER HANGING BUTTERFLY STRING,OTHER,42.0,20,5,2.1,5
16169D,WRAP WINTER FOREST,OTHER,42.0,100,4,0.42,4
21624,VINTAGE UNION JACK DOORSTOP,OTHER,41.88,6,4,7.5,3
21789,KIDS RAIN MAC PINK,OTHER,41.65,49,3,0.85,3
35931,PINK STAR CHRISTMAS DECORATION,SEASONAL,41.64,60,2,1.16,2
21329,DINOSAURS  WRITING SET,SETS,41.55,45,5,2.23,3
35979,SIX STRING SCANDINAVIAN HEART DECS,OTHER,41.3,14,3,2.95,3
22080,RIBBON REEL SPOTS DESIGN,OTHER,41.25,25,6,1.65,4
79000,MOROCCAN TEA GLASS,OTHER,41.22,18,3,3.73,0
21349,IVY HEART WREATH,OTHER,40.87,5,3,9.12,2
21640,ASSORTED TUTTI FRUTTI  FOB NOTEBOOK,OTHER,40.8,48,2,0.85,2
90087,CRYSTAL SEA HORSE PHONE CHARM,OTHER,40.8,144,3,0.85,1
85126,LARGE ROUND CUTGLASS CANDLESTICK,OTHER,40.5,6,1,6.75,1
22071,SMALL RETRO SPOT MUG IN BOX  WHITE,OTHER,40.5,42,6,3.58,6
10138,ASSORTED COLOUR JUMBO PEN,OTHER,40.32,96,1,0.42,1
84670,JAPANESE CROCHETED ANIMAL,OTHER,40.32,96,5,0.42,4
21396,RED SPOTTY EGG CUP,OTHER,40.26,20,3,1.98,2
21124,SET/10 BLUE SPOTTY PARTY CANDLES,SETS,40.07,31,5,1.51,4
85222,ASSORTED COLOUR SILK COSMETIC PURSE,OTHER,39.9,19,3,2.1,2
21737,SET 3 WICKER LOG BASKETS,SETS,39.9,2,2,19.95,2
22120,WELCOME  WOODEN BLOCK LETTERS,OTHER,39.8,6,3,9.95,3
79067,CORONA MEXICAN TRAY,OTHER,39.8,8,5,4.73,4
79065A,TEATIME ROUND CAKE TINS,OTHER,39.8,4,1,9.95,1
84988,SET OF 72 PINK HEART PAPER DOILIES,SETS,39.15,27,4,1.45,4
21486,PINK HEART DOTS HOT WATER BOTTLE,OTHER,39.15,10,6,3.84,5
22319,HAIRCLIPS FORTIES FABRIC ASSORTED,OTHER,39.0,60,4,0.65,3
21185,HOME SWEET HOME  BLACKBOARD,OTHER,39.0,3,2,13.0,0
21529,RETRO SPOT CERAMIC TOASTRACK,OTHER,38.82,9,2,4.74,1
85164B,BLACK BAROQUE CUCKOO CLOCK,OTHER,38.79,2,2,19.4,1
85184C,S/4 VALENTINE DECOUPAGE HEART BOX,OTHER,38.77,10,3,3.98,2
21668,RED STRIPE CERAMIC DRAWER KNOB,OTHER,38.75,31,3,1.25,3
84855,BLOKEY SILVER TOOL SET,SETS,38.35,7,5,5.69,4
85071A,BLUE CHARLIE+LOLA PERSONAL DOORSIGN,OTHER,38.35,13,3,2.95,3
84837,WHITE SWEETHEARTS CABINET 4 DRAWERS,OTHER,38.25,3,3,12.75,3
21796,SET OF 3 RED STRIPE BASKETS,SETS,38.25,3,1,12.75,1
21795,SET OF 3 BLUE STRIPE BASKET,SETS,38.25,3,1,12.75,1
17003,BROCADE RING PURSE,OTHER,38.22,182,3,0.21,3
21839,MUMMY MOUSE RED GINGHAM RIBBON,OTHER,38.15,7,2,5.45,2
20901,VINTAGE KEEPSAKE BOX PINK FLOWER,OTHER,38.1,6,1,6.35,1
21645,ASSORTED TUTTI FRUTTI ROUND BOX,OTHER,37.95,23,2,1.65,2
90125D,PURPLE BERTIE GLASS BEAD BAG CHARM,BAGS,37.9,17,3,2.83,2
79323B,BLACK CHERRY LIGHTS,LIGHTING,37.65,11,3,6.32,3
21356,TOAST ITS - FAIRY FLOWER,OTHER,37.64,28,6,1.47,4
20963,APPLE BATH SPONGE,OTHER,37.5,30,4,1.25,3
84691,PACK 20 DOLLY PEGS,OTHER,37.4,44,3,0.85,3
21822,GLITTER CHRISTMAS TREE WITH BELLS,SEASONAL,37.05,19,3,1.95,3
22118,JOY WOODEN BLOCK LETTERS,OTHER,36.88,6,4,6.74,2
85031B,BLOSSOM IMAGES SCRAP BOOK SET,SETS,36.86,26,2,2.34,1
21259,VICTORIAN SEWING BOX SMALL,OTHER,36.8,5,4,7.71,2
21980,PACK OF 12 RED SPOTTY TISSUES,OTHER,36.54,126,5,0.29,4
21557,SET OF 6 FUNKY BEAKERS,SETS,36.1,7,3,3.98,2
22302,COFFEE MUG PEARS  DESIGN,OTHER,35.77,13,4,3.2,2
15036,ASSORTED COLOURS SILK FAN,OTHER,35.75,55,2,0.65,2
22336,DOVE DECORATION PAINTED ZINC,OTHER,35.75,52,4,0.81,3
20723,STRAWBERRY CHARLOTTE BAG,BAGS,35.7,42,4,0.85,4
21875,KINGS CHOICE MUG,OTHER,35.61,25,6,1.61,5
22173,METAL 4 HOOK HANGER FRENCH CHATEAU,OTHER,35.54,11,4,3.72,3
21890,S/6 WOODEN SKITTLES IN COTTON BAG,BAGS,35.54,11,5,3.57,4
22085,PAPER CHAIN KIT SKULLS,OTHER,35.4,12,2,2.95,2
20870,OPULENT VELVET CANDLE IN BOX,OTHER,35.1,24,2,1.68,2
22347,PIZZA SLICE DISH,OTHER,35.07,27,5,1.51,4
84926B,SCOTTS ROSES TILE COASTER,OTHER,35.0,28,2,1.25,2
21115,ROSE CARAVAN DOORSTOP,OTHER,34.99,4,3,9.41,1
20983,12 PENCILS TALL TUBE RED SPOTTY,OTHER,34.85,40,6,0.99,5
22156,HEART DECORATION WITH PEARLS,OTHER,34.85,39,3,1.13,2
21528,DAIRY MAID TRADITIONAL TEAPOT,OTHER,34.75,5,3,6.95,3
21813,GARLAND WITH STARS AND BELLS,OTHER,34.65,7,2,4.95,2
47505,MINATURE COLOURED GARDENING SET,SETS,34.65,7,3,4.95,3
20887,BOX OF 6 PEBBLE CANDLES,OTHER,34.57,5,3,6.34,1
20668,DISCO BALL CHRISTMAS DECORATION,SEASONAL,34.56,336,3,0.11,3
22141,CHRISTMAS CRAFT TREE TOP ANGEL,SEASONAL,34.4,8,3,4.3,0
21213,PACK OF 72 SKULL CAKE CASES,OTHER,34.3,61,4,0.74,3
90200D,PINK SWEETHEART BRACELET,OTHER,34.24,14,4,4.27,2
21034,REX CASH+CARRY JUMBO SHOPPER,OTHER,34.2,36,22,0.95,17
48189,DOOR MAT FRIENDSHIP,OTHER,34.12,4,3,9.12,2
20969,RED FLORAL FELTCRAFT SHOULDER BAG,BAGS,34.03,8,3,5.09,2
84934,ASSTD DESIGN POP ART SLIM PEN,OTHER,34.0,40,1,0.85,1
22191,EAU DE NIL DINER WALL CLOCK,OTHER,34.0,4,2,8.5,2
21841,BABY MOUSE RED GINGHAM DRESS,OTHER,34.0,8,2,4.25,2
22201,FRYING PAN BLUE POLKADOT,OTHER,34.0,8,2,4.25,2
20966,SANDWICH BATH SPONGE,OTHER,33.96,24,4,1.58,3
85136A,YELLOW SHARK HELICOPTER,OTHER,33.9,4,3,8.42,1
21647,ASSORTED TUTTI FRUTTI LARGE PURSE,OTHER,33.8,14,2,3.2,1
35955,SMALL FOLKART CHRISTMAS TREE DEC,SEASONAL,33.78,133,3,0.34,2
84797B,BLUE SAVANNAH PICNIC HAMPER FOR 4,OTHER,33.78,3,3,11.26,0
47504E,ENGLISH ROSE SCISSORS,OTHER,33.75,27,3,1.25,3
79323G,GOLD  CHERRY LIGHTS,LIGHTING,33.75,5,1,6.75,1
20968,GREEN FLORAL FELTCRAFT SHOULDER BAG,BAGS,33.75,9,2,3.75,2
21593,SWALLOW CIGAR BOX MATCHES,OTHER,33.75,27,2,1.25,2
20782,CAMOUFLAGE EAR MUFF HEADPHONES,OTHER,33.5,4,3,7.41,2
85064,CREAM SWEETHEART LETTER RACK,OTHER,33.42,4,2,8.36,1
84839,SWEETHEART KEY CABINET,OTHER,33.25,8,5,8.0,3
85018D,YULETIDE IMAGES S/6 PAPER BOXES,OTHER,33.15,13,2,2.55,2
21639,ASSORTED TUTTI FRUTTI KEYRING,OTHER,33.15,44,4,1.06,3
22333,RETRO SPORT PARTY BAG + STICKER SET,SETS,33.0,20,3,1.65,3
79163,BLACK CHAMPAGNE GLASS,OTHER,33.0,20,2,1.65,1
21829,DINOSAUR KEYRINGS ASSORTED,OTHER,32.82,150,4,0.26,3
35004S,SET OF 3 SILVER FLYING DUCKS,SETS,32.65,4,3,10.78,1
84884A,ANT WHITE WIRE HEART SPIRAL,OTHER,32.35,7,3,5.52,2
21291,SMALL SPOTTY CHOCOLATE GIFT BAG,BAGS,32.3,35,2,1.27,1
21328,BALLOONS  WRITING SET,SETS,32.26,12,8,2.76,3
21816,CHRISTMAS TREE T-LIGHT HOLDER,LIGHTING,32.18,20,3,1.98,2
22155,STAR DECORATION RUSTIC,OTHER,32.07,71,4,0.53,3
22338,STAR DECORATION PAINTED ZINC,OTHER,31.85,49,3,0.65,3
22337,ANGEL DECORATION PAINTED ZINC,OTHER,31.85,49,3,0.65,3
21360,JOY LARGE WOOD LETTERS,OTHER,31.65,2,2,15.82,1
20892,SET/3 TALL GLASS CANDLE HOLDER PINK,SETS,31.6,12,3,9.82,3
20977,36 PENCILS TUBE WOODLAND,OTHER,31.6,20,7,1.44,5
90125A,PINK BERTIE GLASS BEAD BAG CHARM,BAGS,31.5,39,4,2.1,2
21908,CHOCOLATE THIS WAY METAL SIGN,OTHER,31.5,15,3,2.1,3
16161U,"WRAP,SUKI AND FRIENDS",OTHER,31.5,75,3,0.42,3
21499,BLUE SPOTS  WRAP,OTHER,31.5,75,3,0.42,3
20777,CHRYSANTHEMUM NOTEBOOK,OTHER,31.35,19,3,1.65,3
21114,LAVENDER SCENTED FABRIC HEART,OTHER,31.25,25,3,1.25,3
21592,RETRO SPOT  CIGAR BOX MATCHES,OTHER,31.25,25,2,1.25,2
22339,CHRISTMAS TREE PAINTED ZINC,SEASONAL,31.2,48,2,0.65,2
21313,GLASS HEART T-LIGHT HOLDER,LIGHTING,30.6,36,2,0.85,2
18097C,WHITE TALL PORCELAIN T-LIGHT HOLDER,LIGHTING,30.6,12,2,2.55,2
22219,LOVEBIRD HANGING DECORATION WHITE,OTHER,30.6,36,2,0.85,2
21286,RETRO SPOT CANDLE  LARGE,OTHER,30.6,12,1,2.55,1
22149,FELTCRAFT 6 FLOWER FRIENDS,OTHER,30.4,16,6,3.93,1
21820,GLITTER HEART GARLAND WITH BELLS,OTHER,30.28,7,2,5.76,1
17164B,ASS COL SMALL SAND GECKO P'WEIGHT,OTHER,30.24,72,1,0.42,1
21770,OPEN CLOSED METAL SIGN,OTHER,30.19,5,4,6.31,3
79321,CHILLI LIGHTS,LIGHTING,30.19,5,3,6.76,2
22069,BROWN  PIRATE TREASURE CHEST,OTHER,30.09,15,4,2.99,1
21893,POTTING SHED SEED TIN,OTHER,30.05,5,3,7.18,1
22241,"GARLAND , WOODEN  "" HAPPY EASTER""",OTHER,30.0,24,1,1.25,1
22254,FELT TOADSTOOL LARGE,OTHER,30.0,24,2,1.25,1
85178,VICTORIAN SEWING KIT,OTHER,30.0,24,3,1.25,3
75049L,LARGE CIRCULAR MIRROR MOBILE,OTHER,30.0,24,1,1.25,1
21471,STRAWBERRY RAFFIA FOOD COVER,OTHER,30.0,8,3,3.75,3
21618,4 WILDFLOWER BOTANICAL CANDLES,OTHER,30.0,8,2,3.75,2
85049C,ROMANTIC PINKS RIBBONS,OTHER,30.0,24,2,1.25,2
21745,GAOLERS KEYS DECORATIVE GARDEN,OTHER,30.0,8,3,3.75,3
21767,FRENCH STYLE WIRE DOOR CABINET,OTHER,29.95,1,1,29.95,1
84558A,3D DOG PICTURE PLAYING CARDS,OTHER,29.92,7,4,5.27,1
90180A,BLACK+WHITE NECKLACE W TASSEL,OTHER,29.85,3,1,9.95,1
22163,HEART STRING MEMO HOLDER HANGING,OTHER,29.78,8,2,4.5,1
20719,WOODLAND CHARLOTTE BAG,BAGS,29.75,34,5,1.02,4
84709B,PINK OVAL JEWELLED MIRROR,OTHER,29.75,5,2,5.95,2
90145,SILVER HOOP EARRINGS WITH FLOWER,OTHER,29.75,5,2,5.95,2
85125,SMALL ROUND CUT GLASS CANDLESTICK,OTHER,29.7,6,1,4.95,1
35793,S/3 PUPPIES CHRISTMAS DECORATIONS,SEASONAL,29.64,9,2,4.5,1
72799B,PURPLE PILLAR CANDLE BLACK FLOCK,OTHER,29.5,10,1,2.95,1
37450,CERAMIC CAKE BOWL + HANGING CAKES,OTHER,29.5,10,3,2.95,2
20889,JARDIN DE FEMME SCENTED CANDLE,OTHER,29.5,10,2,2.95,2
47568,ENGLISH ROSE DESIGN PEG BAG,BAGS,29.4,14,3,2.1,3
21578,WOODLAND DESIGN  COTTON TOTE BAG,BAGS,29.25,17,4,2.25,3
85049G,CHOCOLATE BOX RIBBONS,OTHER,28.75,23,3,1.25,3
70006,LOVE HEART POCKET WARMER,OTHER,28.57,13,6,2.24,3
84559A,3D SHEET OF DOG STICKERS,OTHER,28.08,32,4,1.07,3
85231G,ORANGE SCENTED SET/9 T-LIGHTS,LIGHTING,28.05,31,7,1.09,5
21162,TOXIC AREA  DOOR HANGER,OTHER,27.55,19,5,1.45,5
84754,S/15 SILVER GLASS BAUBLES IN BAG,BAGS,27.5,22,2,1.25,2
21135,VICTORIAN  METAL POSTCARD SPRING,OTHER,27.04,16,1,1.69,1
85103,SILVER T-LIGHT SETTING,LIGHTING,27.0,6,3,6.75,3
22179,SET 10 LIGHTS NIGHT OWL,LIGHTING,27.0,4,1,6.75,1
21976,PACK OF 60 MUSHROOM CAKE CASES,OTHER,26.95,49,3,0.55,3
85175,CACTI T-LIGHT CANDLES,LIGHTING,26.88,64,1,0.42,1
21467,CHERRY CROCHET FOOD COVER,OTHER,26.81,5,5,5.36,3
21993,FLORAL FOLK STATIONERY SET,SETS,26.69,8,5,3.57,4
84791,GINGHAM HEART DECORATION,OTHER,26.69,8,3,3.98,2
47504F,ENGLISH ROSE TORCH,OTHER,26.4,16,3,1.65,3
22185,SLATE TILE NATURAL HANGING,OTHER,26.4,16,3,1.65,2
21691,SILVER VANILLA FLOWER CANDLE POT,OTHER,26.25,7,2,3.75,2
84596G,SMALL CHOCOLATES PINK BOWL,OTHER,26.25,21,3,1.25,3
20960,WATERMELON BATH SPONGE,OTHER,26.25,21,3,1.25,3
21615,4 LAVENDER BOTANICAL DINNER CANDLES,OTHER,26.25,7,2,3.75,2
47591C,BLUE FAIRY CAKE CHILD'S APRON,OTHER,26.15,11,3,2.73,2
22154,ANGEL DECORATION 3 BUTTONS,OTHER,26.04,62,3,0.42,3
21134,VICTORIAN METAL POSTCARD CHRISTMAS,SEASONAL,26.04,1,1,26.04,0
15059A,ENGLISH ROSE EDWARDIAN PARASOL,OTHER,26.0,2,1,13.0,0
37340,MULTICOLOUR SPRING FLOWER MUG,OTHER,25.95,3,2,8.65,0
84951B,S/4 BLACK LOVEBIRD COASTERS,OTHER,25.85,5,1,5.17,0
18096C,WHITE ROUND PORCELAIN TLIGHT HOLDER,LIGHTING,25.64,8,3,4.3,1
22030,SWALLOWS GREETING CARD,OTHER,25.62,61,6,0.42,5
21865,PINK UNION JACK  PASSPORT COVER,OTHER,25.6,8,6,3.57,2
21314,SMALL GLASS HEART TRINKET POT,OTHER,25.6,8,2,3.2,1
35646,VINTAGE BEAD PINK EVENING BAG,BAGS,25.5,6,2,4.25,2
84968F,S/16 VINTAGE SKY BLUE CUTLERY,OTHER,25.5,2,1,12.75,1
90148,LONG SILVER NECKLACE PASTEL FLOWER,OTHER,25.5,2,1,12.75,1
84782A,PINK 3 TIER GLASS PLATE STAND,OTHER,25.5,2,1,12.75,1
21746,SMALL RED SPOT  WINDMILL,OTHER,25.28,16,2,1.91,1
35914,PINK CHICK EGG WARMER + EGG CUP,OTHER,25.2,12,1,2.1,1
82597,BOMBS AWAY METAL SIGN,OTHER,25.2,12,1,2.1,1
85053,FRENCH ENAMEL CANDLEHOLDER,OTHER,25.2,12,5,2.1,3
90125C,TURQUOISE BERTIE GLASS BEAD CHARM,OTHER,25.2,12,1,2.1,1
85032D,YULETIDE IMAGES GIFT WRAP SET,SETS,25.2,12,1,2.1,1
20804,GLASS CHICKEN BUTTER DISH,OTHER,25.14,12,6,2.54,1
72801E,S/4 FESTIVE GREEN DINNER CANDLES,OTHER,25.0,20,3,1.25,3
21026,SPACE OWL,OTHER,25.0,20,1,1.25,1
21355,TOAST ITS - I LOVE YOU,OTHER,25.0,20,2,1.25,2
70007,HI TEC ALPINE HAND WARMER,OTHER,24.88,14,5,2.01,4
85232D,SET/3 DECOUPAGE STACKING TINS,SETS,24.75,5,2,4.95,2
84520B,PACK 20 ENGLISH ROSE PAPER NAPKINS,OTHER,24.65,29,5,0.85,5
22348,TEA BAG PLATE RED SPOTTY,BAGS,24.65,28,5,1.02,4
21658,GLASS  BEURRE DISH,OTHER,24.45,5,2,6.3,1
85199S,SMALL HANGING IVORY/RED WOOD BIRD,OTHER,24.31,53,3,0.56,2
37444A,YELLOW BREAKFAST CUP AND SAUCER,OTHER,24.02,5,2,4.5,1
15044D,RED PAPER PARASOL,OTHER,24.02,5,2,4.5,1
85114B,IVORY ENCHANTED FOREST PLACEMAT,OTHER,24.01,7,2,3.43,0
20866,BLUE ROSE FABRIC MIRROR,OTHER,23.89,17,4,1.58,3
84623,PINK GINGHAM ROSE FLOOR CUSHION,OTHER,23.85,3,1,7.95,1
84562B,BLUE/WHITE RIBBED MELAMINE JUG,OTHER,23.85,3,2,7.95,2
90036D,"FLOWER GLASS GARLAND NECKL.36""BLACK",OTHER,23.85,3,1,7.95,1
21463,MIRRORED DISCO BALL,OTHER,23.8,4,2,5.95,2
20987,GEISHA GIRL CHOPSTICKS SET/5,SETS,23.8,11,4,2.54,3
21347,GOTHIC CARRIAGE LANTERN,OTHER,23.8,4,1,5.95,1
72801F,S/4 FESTIVE RED DINNER CANDLES,OTHER,23.75,19,3,1.25,3
21741,COSY SLIPPER SHOES LARGE GREEN,OTHER,23.74,7,4,3.72,3
21612,SET 12 WILDFLOWER BOTANICAL T-LIGHT,LIGHTING,23.74,7,2,4.5,1
22117,METAL SIGN HER DINNER IS SERVED,OTHER,23.74,7,2,4.5,1
21743,STAR PORTABLE TABLE LIGHT,LIGHTING,23.74,7,2,4.5,1
21897,POTTING SHED CANDLE CITRONELLA,OTHER,23.74,7,2,4.5,1
21192,WHITE BELL HONEYCOMB PAPER,OTHER,23.62,10,3,2.84,1
21898,POTTING SHED ROSE CANDLE,OTHER,23.6,8,3,2.95,2
21614,SET OF 12 ROSE BOTANICAL T-LIGHTS,LIGHTING,23.6,8,1,2.95,1
21333,CLASSIC WHITE FRAME,OTHER,23.6,8,2,2.95,2
22246,"GARLAND, MAGIC GARDEN 1.8M",OTHER,23.4,12,1,1.95,1
20713,JUMBO BAG OWLS,BAGS,23.4,12,7,1.95,5
21255,"FRENCH BOTTLE , LAVENDER",OTHER,23.23,13,2,2.54,1
21161,KEEP OUT BOYS DOOR HANGER,OTHER,23.2,16,3,1.45,3
21159,MOODY BOY  DOOR HANGER,OTHER,23.2,16,3,1.45,3
47503F,ASS FLORAL PRINT TORCH,OTHER,23.1,14,2,1.65,2
85039B,S/4 IVORY MINI ROSE CANDLE IN BOWL,OTHER,23.1,14,2,1.65,2
20774,GREEN FERN NOTEBOOK,OTHER,23.1,14,2,1.65,2
90092,BLUE CRYSTAL BOOT PHONE CHARM,OTHER,22.95,81,6,0.85,1
84912B,GREEN ROSE WASHBAG,BAGS,22.78,5,2,5.76,1
21260,FIRST AID TIN,OTHER,22.75,19,4,3.25,4
72739B,WHITE CHOCOLATE SCENT CANDLE,OTHER,22.71,15,2,1.91,1
21154,RED SPOTTY OVEN GLOVE,OTHER,22.64,16,4,1.58,3
84596B,SMALL DOLLY MIX DESIGN ORANGE BOWL,OTHER,22.57,17,3,1.69,2
20978,36 PENCILS TUBE SKULLS,OTHER,22.57,17,2,1.91,1
84977,WIRE FLOWER T-LIGHT HOLDER,LIGHTING,22.5,18,3,1.25,3
84952C,MIRROR LOVE BIRD T-LIGHT HOLDER,LIGHTING,22.5,6,1,3.75,1
21619,4 VANILLA BOTANICAL CANDLES,OTHER,22.5,6,1,3.75,1
90203,SILVER CHARM NECKLACE 70CM,OTHER,22.5,3,1,7.5,1
21470,FLOWER VINE RAFFIA FOOD COVER,OTHER,22.5,6,4,3.75,3
21469,POLKA DOT RAFFIA FOOD COVER,OTHER,22.5,6,1,3.75,1
21637,ASSORTED SANSKRIT MINI NOTEBOOK,OTHER,22.5,18,1,1.25,1
22128,PARTY CONES CANDY ASSORTED,OTHER,22.5,18,2,1.25,2
20658,RED SPOTTY LUGGAGE TAG,OTHER,22.5,18,3,1.25,2
21934,SKULL SHOULDER BAG,BAGS,22.1,8,3,2.24,1
85176,SEWING SUSAN 21 NEEDLE SET,SETS,22.1,25,3,1.13,2
21335,LIBRARY LAMP,OTHER,21.95,1,1,21.95,1
22177,5 HOOK BLACKBOARD ORGANISER,OTHER,21.7,1,1,21.7,0
21153,RED SPOTTY TABLECLOTH,OTHER,21.7,1,1,21.7,0
35600D,PINK AND WHITE CHRISTMAS TREE 180CM,SEASONAL,21.7,1,1,21.7,0
22081,RIBBON REEL FLORA + FAUNA,OTHER,21.58,12,4,2.09,3
22131,FOOD CONTAINER SET 3 LOVE HEART,SETS,21.45,11,3,1.95,2
20695,FLORAL BLUE MONSTER,OTHER,21.4,4,2,6.45,1
72807B,SET/3 OCEAN SCENT CANDLE JEWEL BOX,SETS,21.4,6,3,5.72,2
21891,TRADITIONAL WOODEN SKIPPING ROPE,OTHER,21.32,16,4,1.58,3
47570B,TEA TIME TABLE CLOTH,OTHER,21.3,2,1,10.65,1
90200C,BLUE SWEETHEART BRACELET,OTHER,21.25,11,3,4.25,2
90200A,PURPLE SWEETHEART BRACELET,OTHER,21.25,11,3,4.25,2
10135,COLOURING PENCILS BROWN TUBE,OTHER,21.25,17,3,1.25,3
21016,LIGHT BIRD HOUSE TREE DECORATION,LIGHTING,21.25,25,6,0.85,5
90200B,BLACK SWEETHEART BRACELET,OTHER,21.25,11,3,4.25,2
90200E,GREEN SWEETHEART BRACELET,OTHER,21.25,11,3,4.25,2
21807,WHITE CHRISTMAS STAR DECORATION,SEASONAL,21.12,46,3,0.57,2
22280,POCKET BAG PINK PAISELY BROWN SPOT,BAGS,21.0,10,3,2.1,3
16169C,WRAP BLUE REINDEER,OTHER,21.0,50,2,0.42,2
16156S,WRAP PINK FAIRY CAKES,OTHER,21.0,50,2,0.42,2
21497,FANCY FONTS BIRTHDAY WRAP,OTHER,21.0,50,2,0.42,2
21495,SKULLS WRAP,OTHER,21.0,50,2,0.42,2
21577,SAVE THE PLANET COTTON TOTE BAG,BAGS,20.92,10,4,2.98,3
22119,PEACE WOODEN BLOCK LETTERS,OTHER,20.85,3,1,6.95,1
85127,SMALL SQUARE CUT GLASS CANDLESTICK,OTHER,20.78,2,1,10.39,0
22308,TEA COSY BLUE STRIPE,OTHER,20.68,4,3,5.17,0
20665,RED SPOTTY PURSE,OTHER,20.65,7,2,2.95,2
21424,WOODLAND STORAGE BOX LARGE,OTHER,20.65,7,2,2.95,2
48179,DOOR MAT SWEET HOME,OTHER,20.62,2,2,10.31,1
21559,STRAWBERRY LUNCHBOX WITH CUTLERY,OTHER,20.54,6,3,3.42,1
21239,PINK  SPOTTY CUP,OTHER,20.4,24,3,0.85,3
22322,BIRD DECORATION GREEN  SPOT,OTHER,20.4,24,2,0.85,2
90093,CLEAR CRYSTAL STAR PHONE CHARM,OTHER,20.4,72,3,0.85,1
21385,IVORY HANGING DECORATION  HEART,OTHER,20.4,24,1,0.85,1
22132,RED LOVE HEART SHAPE CUP,OTHER,20.4,18,2,1.27,0
90088,CRYSTAL KEY+LOCK PHONE CHARM,OTHER,20.4,72,3,0.85,1
22157,ANGEL DECORATION WITH LACE PADDED,OTHER,20.4,24,1,0.85,1
22055,MINI CAKE STAND  HANGING STRAWBERY,OTHER,20.32,8,5,2.36,2
84985B,SET OF 72 BLACK PAPER DOILIES,SETS,20.3,14,2,1.45,2
21876,POTTERING MUG,OTHER,20.29,11,5,2.56,2
21730,GLASS STAR FROSTED T-LIGHT HOLDER,LIGHTING,20.29,3,3,6.76,2
21364,PEACE SMALL WOOD LETTERS,OTHER,20.25,5,4,6.75,4
22151,PLACE SETTING WHITE HEART,SETS,20.16,48,2,0.42,2
22029,SPACE BOY BIRTHDAY CARD,OTHER,20.16,48,4,0.42,4
22028,PENNY FARTHING BIRTHDAY CARD,OTHER,20.16,48,4,0.42,3
20961,STRAWBERRY BATH SPONGE,OTHER,20.14,14,4,1.58,3
20941,FROG CANDLE,OTHER,20.0,16,2,1.25,2
21869,POTTING SHED COFFEE MUG,OTHER,20.0,16,4,1.25,4
85049B,LUSH GREENS RIBBONS,OTHER,20.0,16,2,1.25,2
21440,12 MINI TOADSTOOL PEGS,OTHER,20.0,16,3,1.25,3
21985,PACK OF 12 HEARTS DESIGN TISSUES,OTHER,19.97,67,7,0.37,3
84371,BIG PINK POODLE,OTHER,19.95,1,1,19.95,1
78056,CAMOUFLAGE BACKPACK ON WHEELS,OTHER,19.9,2,1,9.95,1
90147,CHUNKY SILVER NECKLACE PASTEL FLOWE,OTHER,19.9,2,1,9.95,1
37474,SET/4 2 TONE EGG SHAPE MIXING BOWLS,SETS,19.9,2,2,9.95,1
37500,TEA TIME TEAPOT IN GIFT BOX,GIFTS,19.9,2,1,9.95,1
22167,"WALL MIRROR , DIAMANTE OVAL SHAPE",OTHER,19.9,4,3,9.95,2
79328,BLUE FLOCK GLASS CANDLEHOLDER,OTHER,19.89,49,2,1.01,1
37343,SPOTS DESIGN MUG W PINK INSIDE,OTHER,19.8,12,1,1.65,1
84949,SILVER HANGING T-LIGHT HOLDER,LIGHTING,19.8,12,2,1.65,2
85147,JARDIN ETCHED GLASS CANDLEHLDR LONG,OTHER,19.8,4,1,4.95,1
21448,12 DAISY PEGS IN WOOD BOX,OTHER,19.8,12,1,1.65,1
22341,LOVE GARLAND PAINTED ZINC,OTHER,19.8,12,1,1.65,1
22342,HOME GARLAND PAINTED ZINC,OTHER,19.8,12,1,1.65,1
22325,MOBILE VINTAGE HEARTS,OTHER,19.8,4,2,4.95,2
21327,SKULLS WRITING SET,SETS,19.8,12,1,1.65,1
85044,RED REINDEER STRING OF 20 LIGHTS,LIGHTING,19.8,4,2,4.95,2
21709,FOLDING UMBRELLA  CHOC/WHITE  SPOT,OTHER,19.8,4,1,4.95,1
20776,ABSTRACT CIRCLES NOTEBOOK,OTHER,19.8,12,1,1.65,1
40018F,CHERRY DESIGN PAPERLANTERNS,OTHER,19.5,10,1,1.95,1
21729,SMALL MARAKESH METAL  LANTERN,OTHER,19.5,6,1,3.25,1
40018E,TEA TIME PAPER LANTERNS,OTHER,19.5,10,1,1.95,1
20684,STRAWBERRY DREAM CHILDS UMBRELLA,OTHER,19.5,6,1,3.25,1
84406B,CREAM CUPID HEARTS COAT HANGER,OTHER,19.5,6,3,3.25,3
21581,SKULLS  DESIGN  COTTON TOTE BAG,BAGS,19.34,6,2,3.71,1
21916,SET 12 RETRO WHITE CHALK STICKS,SETS,19.32,46,6,0.42,6
84375,SET OF 20 KIDS COOKIE CUTTERS,SETS,19.15,5,2,3.12,1
72349B,SET/6 PURPLE BUTTERFLY T-LIGHTS,LIGHTING,19.1,7,3,2.83,2
84466,TOP SECRET PEN SET,SETS,18.96,12,5,1.51,3
21553,CERAMIC BIRDHOUSE FINCH BLUE  LARGE,OTHER,18.95,2,2,9.48,1
84509B,FAIRY CAKE PLACEMATS,OTHER,18.75,5,2,3.75,2
20956,PORCELAIN T-LIGHT HOLDERS ASSORTED,LIGHTING,18.75,15,3,1.25,2
21174,POTTERING IN THE SHED METAL SIGN,OTHER,18.75,6,3,2.73,2
85049D,BRIGHT BLUES RIBBONS,OTHER,18.75,15,3,1.25,3
21913,VINTAGE SEASIDE JIGSAW PUZZLES,OTHER,18.75,5,3,3.75,2
84596K,JELLY BABIES YELLOW SMALL BOWL,OTHER,18.75,15,2,1.25,2
20867,PINK ROSE FABRIC MIRROR,OTHER,18.75,15,3,1.25,3
21245,GREEN  SPOTTY PLATE,OTHER,18.59,11,2,1.69,2
35933,PINK STOCKING CHRISTMAS DECORATION,SEASONAL,18.24,48,1,0.38,1
22301,COFFEE MUG CAT + BIRD DESIGN,OTHER,17.99,9,5,3.6,3
90175D,TIGRIS EYE CHUNKY CHARM BRACELET,OTHER,17.9,2,1,8.95,1
90175A,WHITE GLASS CHUNKY CHARM BRACELET,OTHER,17.9,2,1,8.95,1
90195B,BLACK GEMSTONE BRACELET,OTHER,17.9,2,1,8.95,1
20767,BLUE PAISLEY JOURNAL,OTHER,17.85,7,2,2.55,2
84559B,3D SHEET OF CAT STICKERS,OTHER,17.85,21,2,0.85,2
85227,SET/6 3D KIT CARDS FOR KIDS,SETS,17.85,19,6,1.13,2
84507B,STRIPES DESIGN MONKEY DOLL,OTHER,17.85,7,2,2.55,2
21990,MODERN FLORAL STATIONERY SET,SETS,17.84,5,5,3.57,4
21649,ASSORTED TUTTI FRUTTI PHOTO FRAME,OTHER,17.7,6,1,2.95,1
21111,"SWISS ROLL TOWEL, CHOCOLATE  SPOTS",OTHER,17.7,6,1,2.95,1
85006,SET 4 NURSERY DES ROUND BOXES,SETS,17.7,6,1,2.95,1
21112,"SWISS ROLL TOWEL, PINK  SPOTS",OTHER,17.7,6,1,2.95,1
90134,OLD ROSE COMBO BEAD NECKLACE,OTHER,17.7,6,1,2.95,1
21425,SKULLS STORAGE BOX LARGE,OTHER,17.7,6,1,2.95,1
22063,CERAMIC BOWL WITH STRAWBERRY DESIGN,OTHER,17.7,6,1,2.95,1
22084,PAPER CHAIN KIT EMPIRE,OTHER,17.7,6,1,2.95,1
22089,PAPER BUNTING VINTAGE PAISLEY,OTHER,17.7,6,1,2.95,1
82616B,FRAPPUCINO SCARF KNITTING KIT,OTHER,17.7,6,1,2.95,1
84601A,NEW BAROQUE IVORY CUSHION COVER,OTHER,17.7,6,1,2.95,1
90067A,PINK VINTAGE VICTORIAN EARRINGS,OTHER,17.7,6,1,2.95,1
90168,2 DAISIES HAIR COMB,OTHER,17.7,6,1,2.95,1
90067B,BROWN VINTAGE VICTORIAN EARRINGS,OTHER,17.7,6,1,2.95,1
21744,SNOWFLAKE PORTABLE TABLE LIGHT,LIGHTING,17.7,6,1,2.95,1
22116,METAL SIGN HIS DINNER IS SERVED,OTHER,17.7,6,1,2.95,1
21337,SILVER WASHBAG,BAGS,17.7,6,1,2.95,1
85104,SILVER GLASS T-LIGHT SET,LIGHTING,17.7,6,3,2.95,3
20659,ECONOMY LUGGAGE TAG,OTHER,17.57,13,2,1.91,1
84378,SET OF 3 HEART COOKIE CUTTERS,SETS,17.57,13,2,1.91,1
22315,200 RED + WHITE BENDY STRAWS,OTHER,17.57,13,10,1.38,8
21025,SPACE FROG,OTHER,17.57,13,3,1.69,2
22091,EMPIRE TISSUE BOX,OTHER,17.5,14,2,1.25,2
21126,SET OF 6 GIRLS CELEBRATION CANDLES,SETS,17.5,14,3,1.25,3
84899E,YELLOW + BROWN BEAR FELT PURSE KIT,OTHER,17.5,14,2,1.25,2
21814,HEART T-LIGHT HOLDER,LIGHTING,17.4,12,1,1.45,1
21007,ETCHED GLASS DROPLET DECORATION,OTHER,17.4,12,1,1.45,1
84986B,SET OF 36 SILVER PAPER DOILIES,SETS,17.4,12,1,1.45,1
21248,DOOR HANGER  MUM + DADS ROOM,OTHER,17.4,12,1,1.45,1
37482P,CUBIC MUG PINK POLKA DOT,OTHER,17.35,1,1,17.35,0
21055,TOOL BOX SOFT TOY,OTHER,17.35,1,1,17.35,0
84313B,BLUE TV TRAY TABLE,OTHER,17.35,1,1,17.35,0
85033G,SET/6 GOLD REINDEER T-LIGHT CANDLES,LIGHTING,17.2,4,1,4.3,0
20615,BLUE SPOTTY PASSPORT COVER,OTHER,17.2,4,3,4.3,0
21895,POTTING SHED SOW 'N' GROW SET,SETS,17.0,12,3,4.25,2
90024B,NEW BAROQUE B'FLY NECKLACE RED,OTHER,17.0,2,1,8.5,1
90121B,VINTAGE ROSE BEAD BRACELET BLUE,OTHER,17.0,4,1,4.25,1
82081,PINK HEARTS PHOTO ALBUM,OTHER,17.0,2,1,8.5,1
72802B,OCEAN SCENT CANDLE IN JEWELLED BOX,OTHER,17.0,8,4,4.25,4
21544,SKULLS  WATER TRANSFER TATTOOS,OTHER,17.0,17,3,1.13,2
22171,3 HOOK PHOTO SHELF ANTIQUE WHITE,OTHER,17.0,2,1,8.5,1
22184,CAKE STAND VICTORIAN FILIGREE LARGE,OTHER,17.0,2,1,8.5,1
85063,CREAM SWEETHEART MAGAZINE RACK,OTHER,16.95,1,1,16.95,1
85199L,LARGE HANGING IVORY & RED WOOD BIRD,OTHER,16.9,25,2,0.98,1
21650,ASSORTED TUTTI FRUTTI BRACELET,OTHER,16.9,26,3,0.65,2
72753A,S/3 FLWR FAIRY LILLY CANDLES,OTHER,16.8,8,1,2.1,1
22208,WOOD STAMP SET THANK YOU,SETS,16.76,8,4,2.54,2
85135B,BLUE DRAGONFLY HELICOPTER,OTHER,16.6,2,2,8.3,1
84750A,PINK SMALL GLASS CAKE STAND,OTHER,16.4,6,2,3.12,1
22152,PLACE SETTING WHITE STAR,SETS,16.38,39,2,0.42,2
47590A,BLUE HAPPY BIRTHDAY BUNTING,OTHER,16.35,3,2,5.45,1
47504G,ENGLISH ROSE TAPE MEASURE,OTHER,16.25,13,2,1.25,2
72817,SET/2 CHRISTMAS DECOUPAGE CANDLES,SETS,16.25,13,2,1.25,2
20730,STRAWBERRY CANDY BAG,BAGS,16.25,13,2,1.25,2
20976,12 PENCILS SMALL TUBE POSY,OTHER,16.25,25,2,0.65,2
79191C,RETRO PLASTIC ELEPHANT TRAY,OTHER,16.15,20,4,1.06,1
22134,LADLE LOVE HEART RED,OTHER,15.99,37,3,0.57,1
84795C,OCEAN STRIPE HAMMOCK,OTHER,15.9,2,1,7.95,1
84795E,RIO PINK STRIPE HAMMOCK,OTHER,15.9,2,1,7.95,1
22283,6 EGG HOUSE PAINTED WOOD,OTHER,15.9,2,1,7.95,1
85028L,FRENCH CHATEAU LARGE FRUIT BOWL,OTHER,15.9,2,1,7.95,1
84600,NEW BAROQUE JEWELLERY BOX,OTHER,15.9,2,2,7.95,1
21986,PACK OF 12 PINK SPOT TISSUES,OTHER,15.66,54,6,0.29,6
21099,SET/6 STRAWBERRY PAPER CUPS,SETS,15.6,24,1,0.65,1
72750C,"F.FAIRY S/3 CANDLE/GLASS, ROSE",OTHER,15.6,8,1,1.95,1
85216,ASSORTED CAKES FRIDGE MAGNETS,OTHER,15.6,24,2,0.65,2
21085,SET/6 WOODLAND PAPER CUPS,SETS,15.6,24,1,0.65,1
22227,"DECORATION, HANGING HEART+MIRROR",OTHER,15.6,24,1,0.65,1
85217,ASSORTED ICE CREAM FRIDGE MAGNETS,OTHER,15.56,2,2,7.78,0
21321,GLASS CHALICE BLUE  LARGE,OTHER,15.3,6,1,2.55,0
21677,HEARTS  STICKERS,OTHER,15.3,18,2,0.85,2
84012,MAGIC SHEEP WOOL GROWING FROM PAPER,OTHER,15.3,6,2,2.55,2
22214,CANDLE PLATE LACE WHITE,OTHER,15.3,6,1,2.55,1
21320,GLASS CHALICE GREEN  LARGE,OTHER,15.3,6,1,2.55,0
20772,GARDEN PATH JOURNAL,OTHER,15.3,6,1,2.55,1
85107,CUT GLASS T-LIGHT HOLDER OCTAGON,LIGHTING,15.3,6,2,2.55,2
21371,MIRRORED WALL ART POPPIES,OTHER,15.3,6,1,2.55,1
20761,BLUE PAISLEY SKETCHBOOK,OTHER,15.28,3,3,5.09,1
35095B,RED VICTORIAN FABRIC OVAL BOX,OTHER,15.12,36,2,0.42,2
22037,ROBOT BIRTHDAY CARD,OTHER,15.12,36,2,0.42,2
17084R,ASSORTED INCENSE PACK,OTHER,15.12,72,1,0.21,1
22035,VINTAGE CARAVAN GREETING CARD,OTHER,15.12,36,2,0.42,2
22024,RAINY LADIES BIRTHDAY CARD,OTHER,15.12,36,3,0.42,3
84510B,SET OF 4 FAIRY CAKES COASTERS,SETS,15.07,11,2,1.91,1
21251,DINOSAUR HEIGHT CHART STICKER SET,SETS,15.03,3,2,4.5,1
21249,WOODLAND  HEIGHT CHART STICKERS,OTHER,15.03,3,2,4.5,1
21009,ETCHED GLASS STAR TREE DECORATION,OTHER,15.0,12,2,1.25,2
72484,ROSES IN WHITE HEART CANDLE,OTHER,15.0,12,1,1.25,1
47593B,SCOTTIES DESIGN BABY BIB,OTHER,15.0,12,1,1.25,1
85221,ASSORTED COLOUR SILK COIN PURSE,OTHER,15.0,12,1,1.25,1
20967,GREY FLORAL FELTCRAFT SHOULDER BAG,BAGS,15.0,4,3,3.75,3
21439,BASKET OF TOADSTOOLS,OTHER,15.0,12,1,1.25,1
22253,6 CROCHET STRAWBERRIES,OTHER,15.0,12,1,1.25,1
21810,CHRISTMAS HANGING STAR WITH BELL,SEASONAL,15.0,12,1,1.25,1
21223,SET/4 BADGES WOODLAND ANIMAL,SETS,15.0,12,2,1.25,2
84971L,LARGE HEART FLOWERS HOOK,OTHER,15.0,12,1,1.25,1
90013C,GREEN VINTAGE EARRINGS,OTHER,15.0,4,1,3.75,1
21734,SMALL MARAKESH LANTERN ON STICK,OTHER,15.0,4,1,3.75,1
21948,SET OF 6 CAKE CHOPSTICKS,SETS,15.0,12,3,1.25,3
84920,PINK FLOWER FABRIC PONY,OTHER,15.0,4,1,3.75,1
21466,RED FLOWER CROCHET FOOD COVER,OTHER,15.0,4,2,3.75,2
22068,BLACK PIRATE TREASURE CHEST,OTHER,14.98,8,4,2.09,3
21628,TRIANGULAR POUFFE VINTAGE,OTHER,14.95,1,1,14.95,1
72799E,IVORY PILLAR CANDLE SILVER FLOCK,OTHER,14.89,4,2,4.5,1
72799F,IVORY PILLAR CANDLE GOLD FLOCK,OTHER,14.89,4,2,4.5,1
21246,RED SPOTTY BIG BOWL,OTHER,14.85,3,2,4.95,2
85045,GREEN CHRISTMAS TREE STRING 20LIGHT,LIGHTING,14.85,3,2,4.95,2
22222,CAKE PLATE LOVEBIRD WHITE,OTHER,14.85,3,2,4.95,2
22278,OVERNIGHT BAG VINTAGE ROSE PAISLEY,BAGS,14.85,3,1,4.95,1
22162,HEART GARLAND RUSTIC PADDED,OTHER,14.75,5,1,2.95,1
82616A,BUBBLE GUM SCARF KNITTING KIT,OTHER,14.75,5,2,2.95,2
21967,PACK OF 12 SKULL TISSUES,OTHER,14.75,49,2,0.56,1
21145,ANTIQUE GLASS PLACE SETTING,SETS,14.74,1,1,14.74,0
20622,VIPPASSPORT COVER,OTHER,14.7,7,2,2.1,2
10120,DOGGY RUBBER,OTHER,14.7,70,2,0.21,2
21240,BLUE  SPOTTY CUP,OTHER,14.45,17,4,0.85,4
35160,BUDDHA INCENSE HOLDER ASSORTED,OTHER,14.45,17,3,0.85,3
21817,GLITTER CHRISTMAS TREE,SEASONAL,14.45,17,3,0.85,3
21827,EIGHT PIECE CREEPY CRAWLIE SET,SETS,14.03,7,2,1.91,1
85090,CANDY SPOT APRON,OTHER,13.95,3,1,4.65,1
37485,ENGLISH ROSE TEA SET IN GIFT BOX,SETS,13.95,3,2,4.65,2
84658,WHITE STITCHED CUSHION COVER,OTHER,13.9,2,1,6.95,1
90131,PINK/AMETHYST/GOLD NECKLACE,OTHER,13.9,2,1,6.95,1
21110,LARGE CAKE TOWEL PINK SPOTS,OTHER,13.87,1,1,13.87,0
79160,HEART SHAPE WIRELESS DOORBELL,OTHER,13.72,4,2,3.43,0
21307,SET/4 BUTTERFLY MIRROR MAGNETS,SETS,13.72,4,3,3.43,0
72487,ROSES WHITE ROUND CANDLE,OTHER,13.68,36,1,0.38,1
16235,RECYCLED PENCIL WITH RABBIT ERASER,OTHER,13.67,63,3,0.28,2
20981,12 PENCILS TALL TUBE WOODLAND,OTHER,13.6,13,6,0.99,5
21819,GLITTER CHRISTMAS STAR,SEASONAL,13.6,16,2,0.85,2
71459,HANGING JAM JAR T-LIGHT HOLDER,LIGHTING,13.6,16,2,0.85,2
21352,EUCALYPTUS & PINECONE  WREATH,OTHER,13.5,2,1,6.75,1
47591B,SCOTTIES DES CHILD'S APRON,OTHER,13.2,8,1,1.65,1
22232,JIGSAW TOADSTOOLS 3 PIECE,OTHER,13.2,8,1,1.65,1
22232,3 PIECE JIGSAW TOADSTOOLS,OTHER,13.2,8,1,1.65,1
84929,ASSTD FRUIT+FLOWERS FRIDGE MAGNETS,OTHER,13.2,24,1,0.55,1
21825,PAINTED METAL TREE WITH HOLLY BELLS,OTHER,13.05,9,2,1.45,2
72802C,VANILLA SCENT CANDLE JEWELLED BOX,OTHER,13.05,3,2,6.45,1
20903,VINTAGE KEEPSAKE BOX TRAVELOGUE,OTHER,13.0,1,1,13.0,0
85159B,"WHITE TEA,COFFEE,SUGAR JARS",OTHER,13.0,1,1,13.0,0
79030A,"TUMBLER, ENGLISH ROSE",OTHER,13.0,1,1,13.0,0
35004G,SET OF 3 GOLD FLYING DUCKS,SETS,13.0,1,1,13.0,0
21892,TRADITIONAL WOODEN CATCH CUP GAME,OTHER,12.92,10,3,1.69,2
22200,FRYING PAN PINK POLKADOT,OTHER,12.9,2,2,6.45,1
20798,CLEAR MILKSHAKE GLASS,OTHER,12.9,3,1,4.3,0
21191,LARGE WHITE HONEYCOMB PAPER BELL,OTHER,12.9,3,1,4.3,0
20799,PINK MILKSHAKE GLASS,OTHER,12.9,3,1,4.3,0
35471D,SET OF 3 BIRD LIGHT PINK FEATHER,LIGHTING,12.85,5,1,2.57,0
71143,SILVER BOOK MARK WITH BEADS,OTHER,12.85,5,2,2.57,0
16012,FOOD/DRINK SPUNGE STICKERS,OTHER,12.81,61,1,0.21,1
20865,PATCHWORK PENCIL CASE BUTTERFLY,OTHER,12.8,4,2,3.2,1
21071,VINTAGE BILLBOARD DRINK ME MUG,OTHER,12.78,6,3,1.69,1
21632,VINTAGE PINK DECORATIVE PARASOL,OTHER,12.75,1,1,12.75,1
21588,RETRO SPOT GIANT  TUBE MATCHES,OTHER,12.75,5,2,2.55,2
84405A,S/3 PINK COL METAL BASKET W HANDLE,OTHER,12.75,1,1,12.75,1
21340,CLASSIC METAL BIRDCAGE PLANT HOLDER,OTHER,12.75,1,1,12.75,1
84782C,GREEN 3 TIER GLASS PLATE STAND,OTHER,12.75,1,1,12.75,1
85036C,ROSE 1 WICK MORRIS BOXED CANDLE,OTHER,12.75,3,2,4.25,2
84559D,3D SHEET OF SEA WORLD STICKERS,OTHER,12.75,15,1,0.85,1
84648,NEW BAROQUE WALL MIRROR,OTHER,12.75,1,1,12.75,1
84582,PINK CROCHET CAT WITH SCARF,OTHER,12.75,3,2,4.25,2
20984,12 PENCILS TALL TUBE POSY,OTHER,12.75,14,3,1.13,2
84969,ASSORTED COLOUR SET 6 TEASPOONS,SETS,12.75,3,1,4.25,1
20703,BLUE PADDED SOFT MOBILE,OTHER,12.75,3,1,4.25,1
21304,ARCHED GREY MIRROR,OTHER,12.75,1,1,12.75,1
84968E,S/16 VINTAGE BLACK CUTLERY,OTHER,12.75,1,1,12.75,1
47580,TEA TIME DES TEA COSY,OTHER,12.75,5,2,2.55,2
21589,SWALLOW GIANT TUBE MATCHES,OTHER,12.75,5,2,2.55,2
90199C,5 STRAND GLASS NECKLACE CRYSTAL,OTHER,12.7,2,1,6.35,1
72816,SET/3 CHRISTMAS DECOUPAGE CANDLES,SETS,12.67,7,2,3.21,1
84933B,LARGE PINK PEONY FOLDING STOOL,OTHER,12.6,6,1,2.1,1
84933A,LARGE GREEN PEONY FOLDING STOOL,OTHER,12.6,6,1,2.1,1
47579,TEA TIME BREAKFAST BASKET,OTHER,12.6,6,1,2.1,1
47592A,CAROUSEL DES CHILD'S OVERALL,OTHER,12.6,6,1,2.1,1
21354,TOAST ITS - BEST MUM,OTHER,12.6,12,1,1.05,1
21426,WOODLAND STORAGE BOX SMALL,OTHER,12.6,6,1,2.1,1
20669,RED HEART LUGGAGE TAG,OTHER,12.5,10,1,1.25,1
21221,SET/4 BADGES CUTE CREATURES,SETS,12.5,10,1,1.25,1
46000M,POLYESTER FILLER PAD 45X45CM,OTHER,12.4,8,2,1.55,2
84279B,CHERRY BLOSSOM DECORATIVE FLASK,OTHER,12.4,2,2,6.2,1
21064,BOOM BOX SPEAKER BOYS,OTHER,12.13,1,1,12.13,0
21688,SILVER PLATE CANDLE BOWL SMALL,OTHER,12.08,2,1,6.04,0
35599D,PINK AND WHITE CHRISTMAS TREE 120CM,SEASONAL,12.08,2,1,6.04,0
21914,BLUE HARMONICA IN BOX,OTHER,12.08,2,2,6.04,0
90178A,AMBER CHUNKY GLASS+BEAD NECKLACE,OTHER,11.95,1,1,11.95,0
21548,CERAMIC BIRDHOUSE FINCH BLUE ROOF,OTHER,11.94,3,3,3.98,2
37444C,PINK BREAKFAST CUP AND SAUCER,OTHER,11.94,3,2,4.5,1
21694,SMALL REGAL  SILVER CANDLEPOT,OTHER,11.94,3,2,4.5,1
72799C,PINK PILLAR CANDLE SILVER FLOCK,OTHER,11.94,3,2,4.5,1
20897,VINTAGE NOTEBOOK PARIS DAYS,OTHER,11.94,3,2,4.5,1
84656,WHITE ROSE C/COVER,OTHER,11.9,2,2,5.95,2
84533B,FAIRY CAKES ROUND NESTING BOXES,OTHER,11.9,2,1,5.95,1
22281,EASTER TREE YELLOW BIRDS,OTHER,11.9,2,1,5.95,0
35961,FOLKART ZINC HEART CHRISTMAS DEC,SEASONAL,11.9,13,2,1.27,1
90000A,RASPBERRY ANT COPPER FLOWER NECKLAC,OTHER,11.9,2,1,5.95,1
51014C,"FEATHER PEN,COAL BLACK",OTHER,11.9,13,2,1.27,1
17129D,CLEAR COLOUR GLASS GEMS IN BAG,BAGS,11.9,13,2,1.27,1
17109C,FLOWER FAIRY INCENSE ROSE,OTHER,11.83,7,2,1.69,2
75013B,"STRING OF 8 BUTTERFLIES,PINK",OTHER,11.81,5,3,2.84,1
85211,S/4 GROOVY CAT MAGNETS,OTHER,11.81,5,3,2.24,2
21350,GINGHAM HEART WREATH,OTHER,11.8,4,1,2.95,1
21738,COSY SLIPPER SHOES SMALL  RED,OTHER,11.8,4,2,2.95,2
20998,ROSE DU SUD OVEN GLOVE,OTHER,11.8,4,1,2.95,1
82616C,MIDNIGHT GLAMOUR SCARF KNITTING KIT,OTHER,11.8,4,2,2.95,2
84625C,BLUE NEW BAROQUE CANDLESTICK CANDLE,OTHER,11.8,4,1,2.95,1
84578,ELEPHANT TOY WITH BLUE T-SHIRT,OTHER,11.8,3,3,3.93,2
84901,BLACK FACE LAMB WITH PANTS,OTHER,11.8,3,3,3.93,2
20773,BLUE PAISLEY NOTEBOOK,OTHER,11.55,7,2,1.65,2
22203,MILK PAN RED RETROSPOT,OTHER,11.53,2,2,5.76,1
84509A,ENGLISH ROSE PLACEMATS,OTHER,11.53,2,2,5.76,1
21828,EIGHT PIECE SNAKE  SET,SETS,11.46,6,2,1.91,1
84767,ZINC POLICE BOX LANTERN,OTHER,11.26,1,1,11.26,0
79070B,ENGLISH ROSE SQUARE CAKE TINS,OTHER,11.26,1,1,11.26,0
84937,KASHMIR FOLKART TUMBLERS,OTHER,11.26,1,1,11.26,0
84797A,PINK HAWAIIAN PICNIC HAMPER FOR 4,OTHER,11.26,1,1,11.26,0
20783,HEART EAR MUFF HEADPHONES,OTHER,11.26,1,1,11.26,0
85097B,BLUE ROCKING SINGING CANARY,OTHER,11.25,3,2,3.75,2
21538,DAIRY MAID  PUDDING BOWL,OTHER,11.25,3,2,3.75,2
21692,SILVER LATTICE VANILLA CANDLE POT,OTHER,11.25,3,2,3.75,2
35071,ASSORTED SANTA CHRISTMAS DECORATION,SEASONAL,11.05,13,2,0.85,2
21375,LARGE CAMPHOR WOOD FIELD MUSHROOM,OTHER,10.9,2,1,5.45,1
71038,WHITE HANGING BEADS CANDLE HOLDER,OTHER,10.9,2,1,5.45,1
21330,WOODLAND ANIMAL  WRITING SET,SETS,10.81,17,7,2.92,2
35962,12 ASS ZINC CHRISTMAS DECORATIONS,SEASONAL,10.7,3,3,3.57,1
22190,LOCAL CAFE MUG,OTHER,10.7,3,2,3.2,1
47570,ENGLISH ROSE TABLE CLOTH,OTHER,10.65,1,1,10.65,1
79029,GLASS HONEYPOT WASP CATCHER,OTHER,10.55,3,2,3.12,1
16161P,WRAP ENGLISH ROSE,OTHER,10.5,25,1,0.42,1
22046,TEA PARTY  WRAPPING PAPER,OTHER,10.5,25,1,0.42,1
16156N,"WRAP, FRIENDSHIP ON GREEN",OTHER,10.5,25,1,0.42,1
84898F,YELLOW FLOWERS FELT HANDBAG KIT,BAGS,10.5,5,1,2.1,1
22023,EMPIRE BIRTHDAY CARD,OTHER,10.5,25,3,0.42,3
16169N,WRAP BLUE RUSSIAN FOLKART,OTHER,10.5,25,1,0.42,1
16169F,WRAP BLIZZARD,OTHER,10.5,25,1,0.42,1
22051,BLUE SCANDINAVIAN PAISLEY WRAP,OTHER,10.5,25,1,0.42,1
22047,EMPIRE GIFT WRAP,GIFTS,10.5,25,1,0.42,1
22049,WRAP CHRISTMAS SCREEN PRINT,SEASONAL,10.5,25,1,0.42,1
20974,12 PENCILS SMALL TUBE SKULL,OTHER,10.4,15,6,0.76,5
22324,BLUE POLKADOT KIDS BAG,BAGS,10.39,1,1,10.39,0
84755,COLOUR GLASS T-LIGHT HOLDER HANGING,LIGHTING,10.37,9,2,2.91,1
21201,TROPICAL  HONEYCOMB PAPER GARLAND,OTHER,10.34,2,1,5.17,0
82553,POP'S GREASY SPOON METAL SIGN,OTHER,10.29,3,2,3.43,0
21189,WHITE HONEYCOMB PAPER GARLAND,OTHER,10.29,3,2,3.43,0
72800F,4 IVORY DINNER CANDLES GOLD FLOCK,OTHER,10.2,4,2,2.55,1
84508A,CAMOFLAGE DESIGN TEDDY,OTHER,10.2,4,2,2.55,2
90084,PINK CRYSTAL GUITAR PHONE CHARM,OTHER,10.2,36,3,0.85,1
90167,BEADED LOVE HEART JEWELLERY SET,SETS,10.2,12,1,0.85,1
84950,ASSORTED COLOUR T-LIGHT HOLDER,LIGHTING,10.2,12,1,0.85,1
85177,BASKET OF FLOWERS SEWING KIT,OTHER,10.2,12,1,0.85,1
72818,CHRISTMAS DECOUPAGE CANDLE,SEASONAL,10.2,12,1,0.85,1
10002,INFLATABLE POLITICAL GLOBE,OTHER,10.2,12,1,0.85,1
22344,PARTY PIZZA DISH PINK+WHITE SPOT,OTHER,10.2,12,1,0.85,1
21561,DINOSAUR LUNCHBOX WITH CUTLERY,OTHER,10.2,4,3,2.55,3
22216,T-LIGHT HOLDER WHITE LACE,LIGHTING,10.2,12,1,0.85,1
35916B,BLUE FELT HANGING HEART W FLOWER,OTHER,10.2,12,1,0.85,1
22255,FELT TOADSTOOL  SMALL,OTHER,10.2,12,1,0.85,1
35916C,PINK FELT HANGING HEART W FLOWER,OTHER,10.2,12,1,0.85,1
21676,FLOWERS  STICKERS,OTHER,10.2,12,1,0.85,1
22181,SNOWSTORM PHOTO FRAME FRIDGE MAGNET,OTHER,10.2,12,1,0.85,1
22343,PARTY PIZZA DISH RED WHITE SPOT,OTHER,10.2,12,1,0.85,1
21989,PACK OF 20 SKULL PAPER NAPKINS,OTHER,10.2,12,1,0.85,1
21684,SMALL MEDINA STAMPED METAL BOWL,OTHER,10.2,12,1,0.85,1
21082,SET/20 FRUIT SALAD PAPER NAPKINS,SETS,10.2,12,1,0.85,1
22345,PARTY PIZZA DISH BLUE+WHITE SPOT,OTHER,10.2,12,1,0.85,1
22346,PARTY PIZZA DISH GREEN+WHITE SPOT,OTHER,10.2,12,1,0.85,1
21091,SET/6 WOODLAND PAPER PLATES,SETS,10.2,12,1,0.85,1
22129,PARTY CONES CANDY TREE DECORATION,OTHER,10.2,12,1,0.85,1
72779,SET/6 BLACK ROSE T-LIGHT CANDLES,LIGHTING,10.14,6,1,1.69,1
84975,HEART SHAPED MIRROR,OTHER,10.14,6,1,1.69,1
22036,DINOSAUR BIRTHDAY CARD,OTHER,10.08,24,2,0.42,1
22027,TEA PARTY BIRTHDAY CARD,OTHER,10.08,24,2,0.42,2
21508,VINTAGE KID DOLLY CARD,OTHER,10.08,24,2,0.42,2
40016,CHINESE DRAGON PAPER LANTERNS,OTHER,10.08,24,1,0.42,1
35096A,BLUE VICTORIAN FABRIC HEART BOX,OTHER,10.08,24,1,0.42,1
35610B,BLACK CHRISTMAS FLOCK DROPLET,SEASONAL,10.0,8,1,1.25,1
84596L,BISCUITS SMALL BOWL LIGHT BLUE,LIGHTING,10.0,8,1,1.25,1
22097,SWALLOW SQUARE TISSUE BOX,OTHER,10.0,8,2,1.25,2
84596F,SMALL MARSHMALLOWS PINK BOWL,OTHER,10.0,8,1,1.25,1
21067,VINTAGE RED TEATIME MUG,OTHER,10.0,8,2,1.25,1
16161C,WRAP SPEED DEMONS,OTHER,10.0,100,1,0.1,1
21344,MOROCCAN BEATEN METAL DISH,OTHER,9.95,1,1,9.95,1
37476,CONDIMENT TRAY 4 BOWLS AND 4 SPOONS,OTHER,9.95,1,1,9.95,1
85168A,WHITE BAROQUE CARRIAGE CLOCK,OTHER,9.95,1,1,9.95,1
85168B,BLACK BAROQUE CARRIAGE CLOCK,OTHER,9.95,1,1,9.95,1
21681,GIANT MEDINA STAMPED METAL BOWL,OTHER,9.95,1,1,9.95,1
22061,LARGE CAKE STAND  HANGING STRAWBERY,OTHER,9.95,1,1,9.95,1
85162A,SILVER RETRODISC LAMPSHADE,OTHER,9.95,1,1,9.95,1
85008,SET OF 3 CONEY ISLAND OVAL BOXES,SETS,9.9,2,1,4.95,1
22103,MIRROR MOSAIC T-LIGHT HOLDER ROUND,LIGHTING,9.9,6,1,1.65,1
85028S,FRENCH CHATEAU SMALL FRUITBOWL,OTHER,9.9,2,1,4.95,1
85232A,SET/3 POLKA DOT STACKING TINS,SETS,9.9,2,2,4.95,2
90073,VINTAGE ENAMEL & CRYSTAL EARRINGS,OTHER,9.9,2,1,4.95,1
90139,FLOWER BROOCH 4 ASSORTED COLOURS,OTHER,9.9,2,1,4.95,1
84814B,RHOMBUS CRYSTAL PERFUME BOTTLE,OTHER,9.75,5,2,1.95,1
21166,COOK WITH WINE METAL SIGN,OTHER,9.75,5,4,1.95,4
16212,FUNKY GIRLZ ASST MAGNETIC MEMO PAD,OTHER,9.75,15,1,0.65,1
21580,RABBIT  DESIGN  COTTON TOTE BAG,BAGS,9.67,3,3,3.22,2
90175C,BLUE GLASS CHUNKY CHARM BRACELET,OTHER,9.55,1,1,9.55,0
90184B,AMETHYST CHUNKY BEAD BRACELET W STR,OTHER,9.55,1,1,9.55,0
85180B,PINK HEARTS LIGHT CHAIN,LIGHTING,9.52,1,1,9.52,0
84536A,ENGLISH ROSE NOTEBOOK A7 SIZE,OTHER,9.23,21,3,0.56,2
35751C,PURPLE CURRENT CANDLE RING,OTHER,9.0,12,1,0.75,1
84706F,RED PEONY TABLE CLOCK,OTHER,8.95,1,1,8.95,0
90010E,AMBER GLASS/SILVER BRACELET,OTHER,8.95,1,1,8.95,0
84706C,PINK FLOCK TABLE CLOCK,OTHER,8.95,1,1,8.95,1
37448,CERAMIC CAKE DESIGN SPOTTED MUG,OTHER,8.94,6,3,1.49,1
22175,PINK OWL SOFT TOY,OTHER,8.85,3,1,2.95,1
90129B,TURQUOISE GLASS TASSLE BAG CHARM,BAGS,8.85,3,1,2.95,1
22176,BLUE OWL SOFT TOY,OTHER,8.85,3,1,2.95,1
16207A,PINK STRAWBERRY HANDBAG,BAGS,8.85,3,2,2.95,2
84596E,SMALL LICORICE DES PINK BOWL,OTHER,8.82,6,2,1.91,1
84510A,SET OF 4 ENGLISH ROSE COASTERS,SETS,8.82,6,4,1.58,3
21949,SET OF 6 STRAWBERRY CHOPSTICKS,SETS,8.75,7,2,1.25,2
72724,SET/6 CHRISTMAS ICICLE T-LIGHTS,LIGHTING,8.75,7,1,1.25,1
21815,STAR  T-LIGHT HOLDER,LIGHTING,8.7,6,1,1.45,1
21163,DO NOT TOUCH MY STUFF DOOR HANGER,OTHER,8.7,6,5,1.45,4
22312,OFFICE MUG WARMER POLKADOT,OTHER,8.65,1,1,8.65,0
84796B,BLUE SAVANNAH PICNIC HAMPER FOR 2,OTHER,8.65,1,1,8.65,0
84686,BEACH HUT MIRROR,OTHER,8.65,1,1,8.65,0
85034B,3 WHITE CHOC MORRIS BOXED CANDLES,OTHER,8.65,1,1,8.65,0
21687,SILVER PLATE CANDLE BOWL LARGE,OTHER,8.65,1,1,8.65,0
20739,*USB OFFICE GLITTER LAMP,OTHER,8.65,1,1,8.65,0
DCGS0068,DOGS NIGHT COLLAR,OTHER,8.65,1,1,8.65,0
84902,PINK KNITTED COW STUFFED TOY,OTHER,8.6,2,1,4.3,0
21896,POTTING SHED TWINE,OTHER,8.6,14,3,2.83,1
21596,HYPOCHONDRIAC PILL STRESS BALL,OTHER,8.6,2,2,4.3,0
85035C,ROSE 3 WICK MORRIS BOX CANDLE,OTHER,8.5,2,1,4.25,1
85035A,GARDENIA 3 WICK MORRIS BOXED CANDLE,OTHER,8.5,2,1,4.25,1
46000P,POLYESTER FILLER PAD 65CMX65CM,OTHER,8.5,2,1,4.25,1
21540,DAIRY MAID CERAMIC BUTTER DISH,OTHER,8.5,6,3,4.25,2
90023,FILIGREE DIAMANTE EARRINGS,OTHER,8.5,2,1,4.25,1
21412,VINTAGE GOLD TINSEL REEL,OTHER,8.5,3,2,3.2,1
20734,SILVER MINI TAPE MEASURE,OTHER,8.5,10,1,0.85,1
21679,SKULLS  STICKERS,OTHER,8.5,8,2,1.27,1
82583,HOT BATHS METAL SIGN,OTHER,8.5,3,2,3.2,1
21464,DISCO BALL ROTATOR BATTERY OPERATED,OTHER,8.5,2,1,4.25,1
35599B,BLACK CHRISTMAS TREE 120CM,SEASONAL,8.49,1,1,8.49,1
22279,POCKET BAG BLUE PAISLEY RED SPOT,BAGS,8.4,4,2,2.1,2
22211,WOOD STAMP SET FLOWERS,SETS,8.25,5,2,1.65,2
72796A,S/3 ENGLISH LAVENDER SQU CANDLE,OTHER,8.25,5,2,1.65,1
21901,"KEY FOB , BACK DOOR",OTHER,8.2,11,2,1.18,1
85033S,SET/6 SILVER REINDEER T-LIGHTS,LIGHTING,8.2,3,3,2.73,1
21870,I CAN ONLY PLEASE ONE PERSON MUG,OTHER,8.11,3,3,2.7,1
85068,CREAM SWEETHEART SHELF + HOOKS,OTHER,7.95,1,1,7.95,1
21924,BLUE/CREAM STRIPE FRINGE HAMMOCK,OTHER,7.95,1,1,7.95,1
47503J,SET/3 FLORAL GARDEN TOOLS IN BAG,SETS,7.95,1,1,7.95,0
44230,SQUARE MIRROR CURTAIN,OTHER,7.95,1,1,7.95,1
85136C,RED SHARK HELICOPTER,OTHER,7.95,1,1,7.95,1
85135A,YELLOW DRAGONFLY HELICOPTER,OTHER,7.95,1,1,7.95,1
35651,VINTAGE BEAD PINK SCARF,OTHER,7.95,1,1,7.95,1
84288B,SET/2 BLUE  NOODLE BASKETS,SETS,7.8,4,2,1.95,2
21902,"KEY FOB , FRONT  DOOR",OTHER,7.8,12,1,0.65,1
20989,URBAN CHIC CHOPSTICKS SET/5,SETS,7.8,4,2,1.95,2
21987,PACK OF 6 SKULL PAPER CUPS,OTHER,7.8,12,1,0.65,1
22148,EASTER CRAFT 4 CHICKS,OTHER,7.8,4,1,1.95,1
22108,PING! MICROWAVE PLATE,OTHER,7.78,1,1,7.78,0
21444,BLUE CHALET BIRDFEEDER,OTHER,7.78,1,1,7.78,0
84944,SET OF 6 KASHMIR FOLKART BAUBLES,SETS,7.78,1,1,7.78,0
21419,CONCH SHELL,OTHER,7.78,1,1,7.78,0
20694,FLORAL PINK MONSTER,OTHER,7.78,1,1,7.78,0
21808,"CHRISTMAS GARLAND STARS,TREES",SEASONAL,7.78,1,1,7.78,0
84509C,DOTTY PLACEMATS,OTHER,7.78,1,1,7.78,0
37508,NEW ENGLAND CERAMIC CAKE SERVER,OTHER,7.72,2,2,3.86,1
21648,ASSORTED TUTTI FRUTTI SMALL PURSE,OTHER,7.71,3,1,2.57,0
84684,BEACH HUT PHOTO FRAME,OTHER,7.65,3,2,2.55,2
20964,POLYESTER FILLER PAD 60X40CM,OTHER,7.65,3,1,2.55,1
84818,DANISH ROSE PHOTO FRAME,OTHER,7.65,3,1,2.55,1
22305,COFFEE MUG PINK PAISLEY DESIGN,OTHER,7.65,3,1,2.55,1
22304,COFFEE MUG BLUE PAISLEY DESIGN,OTHER,7.65,3,1,2.55,1
21058,PARTY INVITES WOODLAND,OTHER,7.65,6,2,1.27,1
82613D,METAL SIGN CUPCAKE SINGLE HOOK,OTHER,7.64,4,2,1.91,1
21866,UNION JACK FLAG LUGGAGE TAG,OTHER,7.64,4,3,1.69,2
84926C,FAIRY CAKES TILE COASTER,OTHER,7.57,5,2,1.91,1
20980,36 PENCILS TUBE POSY,OTHER,7.57,5,2,1.91,1
72127,COLUMBIAN CANDLE ROUND,OTHER,7.5,6,1,1.25,1
20943,SET/6 GINGERBREAD STAR T-LIGHTS,LIGHTING,7.5,6,1,1.25,1
90002D,FLOWER BURST SILVER RING CRYSTAL,OTHER,7.5,2,1,3.75,1
90002C,FLOWER BURST SILVER RING MIDN'T BLU,OTHER,7.5,2,1,3.75,1
90002B,FLOWER BURST SILVER RING ROSE,OTHER,7.5,2,1,3.75,1
21465,PINK FLOWER CROCHET FOOD COVER,OTHER,7.5,2,2,3.75,2
84952B,BLACK LOVE BIRD T-LIGHT HOLDER,LIGHTING,7.5,2,1,3.75,1
22354,RETRO SPOT PADDED SEAT CUSHION,OTHER,7.5,2,1,3.75,1
35971,ROSE FOLKART HEART DECORATIONS,OTHER,7.5,6,2,1.25,1
84947,ANTIQUE SILVER TEA GLASS ENGRAVED,OTHER,7.5,6,1,1.25,1
85059,FRENCH ENAMEL WATER BASIN,OTHER,7.5,2,1,3.75,1
90002E,FLOWER BURST SILVER RING GREEN,OTHER,7.5,2,1,3.75,1
21010,ETCHED GLASS BIRD TREE DECORATION,OTHER,7.5,6,1,1.25,1
90072,RUBY DROP CHANDELIER EARRINGS,OTHER,7.5,2,1,3.75,1
84497,BUTTONS AND STRIPES NOTEBOOK,OTHER,7.5,2,1,3.75,1
90155,RESIN NECKLACE W PASTEL BEADS,OTHER,7.5,1,1,7.5,1
85055,FRENCH ENAMEL UTENSIL HOLDER,OTHER,7.5,2,1,3.75,1
72801G,S/4 BURGUNDY WINE DINNER CANDLES,OTHER,7.5,6,2,1.25,2
84535A,ENGLISH ROSE NOTEBOOK A6 SIZE,OTHER,7.16,7,2,1.08,1
82580,BATHROOM METAL SIGN,OTHER,7.15,13,2,0.55,2
35832,WOOLLY HAT SOCK GLOVE ADVENT STRING,OTHER,7.05,2,2,9.48,1
85230G,ORANGE VOTIVE CANDLE,OTHER,6.96,24,1,0.29,1
85230F,JASMINE VOTIVE CANDLE,OTHER,6.96,24,1,0.29,1
37501,TEA TIME TEA SET IN GIFT BOX,SETS,6.95,3,2,6.95,2
21283,NATURAL BARK CANDLE SMALL,OTHER,6.91,1,1,6.91,0
35598B,BLACK CHRISTMAS TREE 60CM,SEASONAL,6.91,1,1,6.91,0
22136,LOVE HEART SOCK HANGER,OTHER,6.86,2,2,3.43,0
85114C,RED ENCHANTED FOREST PLACEMAT,OTHER,6.86,2,1,3.43,0
82093,HEART SHAPE BUTTON FRAME,OTHER,6.86,2,2,3.43,0
21200,MULTICOLOUR HONEYCOMB PAPER GARLAND,OTHER,6.86,2,1,3.43,0
84459A,PINK METAL CHICKEN HEART,OTHER,6.86,2,1,3.43,0
22262,FELT EGG COSY CHICKEN,OTHER,6.8,4,1,1.7,0
37424,WHITE WITH BLACK CATS MUG,OTHER,6.8,7,2,1.27,1
21680,WOODLAND  STICKERS,OTHER,6.8,7,2,1.27,1
22133,PINK LOVE HEART SHAPE CUP,OTHER,6.8,4,1,1.7,0
21942,SKULLS DESIGN FLANNEL,OTHER,6.8,4,1,1.7,0
35991,SET/6 BLACK SNOWFLAKE T-LIGHTS,LIGHTING,6.76,4,2,1.69,2
17109A,FLOWER FAIRY INCENSE LILY,OTHER,6.76,4,1,1.69,1
21312,LARGE CHUNKY GLASS ROMAN BOWL,OTHER,6.75,1,1,6.75,1
48197,DOOR MAT BIRD ON THE WIRE,OTHER,6.75,1,1,6.75,1
21579,LOLITA  DESIGN  COTTON TOTE BAG,BAGS,6.75,5,5,2.25,3
79342B,BROWN FLOWER LIGHTS,LIGHTING,6.75,1,1,6.75,1
22170,PICTURE FRAME WOOD TRIPLE PORTRAIT,OTHER,6.75,1,1,6.75,1
35594,WOODEN CHRISTMAS TREE 3 HANGING,SEASONAL,6.74,13,2,1.06,1
85172,HYACINTH BULB T-LIGHT CANDLES,LIGHTING,6.72,16,1,0.42,1
35649,VINTAGE BEAD COSMETIC BAG,BAGS,6.7,2,1,3.35,1
85226C,BLUE PULL BACK RACING CAR,OTHER,6.6,12,2,0.55,1
79329,PINK FLOCK GLASS CANDLEHOLDER,OTHER,6.6,4,1,1.65,1
79534,MULTICOLOUR GLASS PLATE,OTHER,6.6,12,1,0.55,1
22210,WOOD STAMP SET BEST WISHES,SETS,6.6,4,1,1.65,1
21911,GARDEN METAL SIGN,OTHER,6.6,4,1,1.65,1
22331,WOODLAND PARTY BAG + STICKER SET,SETS,6.6,4,1,1.65,1
22076,6 RIBBONS EMPIRE,OTHER,6.6,16,3,1.1,3
21900,"KEY FOB , SHED",OTHER,6.5,10,1,0.65,1
90000D,COPPER/OLIVE GREEN FLOWER NECKLACE,OTHER,6.5,1,1,6.5,0
84535B,FAIRY CAKES NOTEBOOK A6 SIZE,OTHER,6.5,10,2,0.65,2
21012,ANTIQUE ALL GLASS CANDLESTICK,OTHER,6.4,2,2,3.2,1
21867,PINK UNION JACK  LUGGAGE TAG,OTHER,6.39,3,2,1.91,1
90199B,5 STRAND GLASS NECKLACE AMETHYST,OTHER,6.35,1,1,6.35,0
90082A,DIAMANTE BOW BROOCH GREEN COLOUR,OTHER,6.35,1,1,6.35,1
20729,RED SPOTTY CANDY BAG,BAGS,6.32,4,2,1.91,1
20830,SILVER PHOTO FRAME,OTHER,6.3,3,1,2.1,1
21532,DAIRY MAID SUGAR JAM BOWL,OTHER,6.3,3,2,2.1,2
21391,FRENCH EMROIDR LAVENDER SCENT HEART,OTHER,6.3,3,1,2.1,1
35924,HANGING FAIRY CAKE DECORATION,OTHER,6.3,3,1,2.1,1
84199,GLOW IN DARK DOLPHINS,OTHER,6.3,30,1,0.21,1
82567,"AIRLINE LOUNGE,METAL SIGN",OTHER,6.3,3,2,2.1,2
20831,GOLD PHOTO FRAME,OTHER,6.3,3,1,2.1,1
35918B,BLUE FLORIBUNDA EGG WARMER,OTHER,6.25,5,2,1.25,2
21981,PACK OF 12 WOODLAND TISSUES,OTHER,6.09,21,6,0.29,3
79303D,LILAC FLOWER BLOCK TABLE LAMP,OTHER,6.04,1,1,6.04,0
85185D,FROG SOCK PUPPET,OTHER,6.04,1,1,6.04,0
22318,FIVE HEART HANGING DECORATION,OTHER,6.04,1,1,6.04,0
85185B,PINK HORSE SOCK PUPPET,OTHER,6.04,1,1,6.04,0
15044C,PURPLE PAPER PARASOL,OTHER,6.04,1,1,6.04,0
20661,BLUE SPOTTY PURSE,OTHER,6.04,1,1,6.04,0
21348,PINK SPOTS CHOCOLATE NESTING BOXES,OTHER,6.04,1,1,6.04,0
20888,SET 3 JARDIN DE FEMME SCENT CANDLES,SETS,6.04,1,1,6.04,0
85184D,S/4 BLUE ROUND DECOUPAGE BOXES,OTHER,6.04,1,1,6.04,0
35965,FOLKART HEART NAPKIN RINGS,OTHER,6.04,1,1,6.04,0
72811,SMALL ZINC/GLASS CANDLEHOLDER,OTHER,5.96,4,1,1.49,1
84620,BLUE GINGHAM ROSE CUSHION COVER,OTHER,5.95,1,1,5.95,1
84622,PINK GINGHAM ROSE CUSHION COVER,OTHER,5.95,3,2,5.95,2
15056P,EDWARDIAN PARASOL PINK,OTHER,5.95,1,1,5.95,1
21742,LARGE ROUND WICKER PLATTER,OTHER,5.95,1,1,5.95,1
21554,CERAMIC BIRDHOUSE RED ROOF LARGE,OTHER,5.95,1,1,5.95,1
21552,CERAMIC BIRDHOUSE BLACK ROSE  LARGE,OTHER,5.95,1,1,5.95,1
21551,CERAMIC BIRDHOUSE BUTTERFLY LARGE,OTHER,5.95,1,1,5.95,1
84910A,PINK PAISLEY CUSHION COVER,OTHER,5.95,1,1,5.95,1
21663,VINTAGE GLASS SUGAR CADDY,OTHER,5.95,1,1,5.95,1
37506,NEW ENGLAND MILK JUG W GIFT BOX,GIFTS,5.95,1,1,5.95,1
22123,PING MICROWAVE APRON,OTHER,5.95,1,1,5.95,1
84532B,FAIRY CAKES RECTANGLUAR BOXES,OTHER,5.95,1,1,5.95,1
22135,LADLE LOVE HEART PINK,OTHER,5.91,13,2,0.64,1
21530,DAIRY MAID CERAMIC TOASTRACK,OTHER,5.9,2,1,2.95,1
84247K,"FOLK ART GREETING CARD,PACK/12",OTHER,5.9,2,1,2.95,1
21547,CERAMIC BIRDHOUSE CRESTED TIT SMALL,OTHER,5.9,2,2,2.95,2
37444B,BLUE BREAKFAST CUP AND SAUCER,OTHER,5.9,2,1,2.95,1
21739,COSY SLIPPER SHOES SMALL GREEN,OTHER,5.9,2,1,2.95,1
21519,GIN & TONIC DIET GREETING CARD,OTHER,5.9,13,2,0.64,1
22062,CERAMIC BOWL WITH LOVE HEART DESIGN,OTHER,5.9,2,2,2.95,1
71279,PINK GLASS CANDLEHOLDER,OTHER,5.9,2,1,2.95,1
21549,CERAMIC BIRDHOUSE RED ROOF SMALL,OTHER,5.9,2,2,2.95,2
84247C,PACK/12 BLUE REINDEER CARD,OTHER,5.9,2,2,2.95,2
85185C,COW  SOCK PUPPET,OTHER,5.9,2,2,2.95,2
72799D,BLUE PILLAR CANDLE SILVER FLOCK,OTHER,5.9,2,1,2.95,1
21611,SET OF 12 LILY BOTANICAL T-LIGHTS,LIGHTING,5.9,2,1,2.95,1
85054,FRENCH ENAMEL POT W LID,OTHER,5.9,2,1,2.95,1
21933,PINK VINTAGE PAISLEY PICNIC BAG,BAGS,5.9,2,2,2.95,1
16238,PARTY TIME PENCIL ERASERS,OTHER,5.88,28,1,0.21,1
20990,SPRING FLOWER CHOPSTICKS SET/5,SETS,5.85,3,1,1.95,1
22231,JIGSAW TREE WITH BIRDHOUSE,OTHER,5.8,4,1,1.45,1
21214,SET OF 72 IVORY PAPER DOILIES,SETS,5.8,4,2,1.45,2
21838,DADDY MOUSE RED GINGHAM BOW TIE,OTHER,5.45,1,1,5.45,1
35004P,SET OF 3 PINK FLYING DUCKS,SETS,5.45,1,1,5.45,0
90206C,CRYSTAL DIAMANTE STAR BROOCH,OTHER,5.2,1,1,5.2,0
90158,ST TROPEZ NECKLACE,OTHER,5.2,1,1,5.2,0
90192,JADE DROP EARRINGS W FILIGREE,OTHER,5.2,1,1,5.2,0
90081C,LILY BROOCH OLIVE COLOUR,OTHER,5.2,1,1,5.2,0
84931A,PINK SCOTTIE DOG W FLOWER PATTERN,OTHER,5.17,1,1,5.17,0
72740A,LARGE STRAWBERRY CHOCOLATE CANDLE,OTHER,5.17,1,1,5.17,0
21494,ROTATING LEAVES T-LIGHT HOLDER,LIGHTING,5.17,1,1,5.17,0
17012A,ORIGAMI VANILLA INCENSE/CANDLE SET,SETS,5.17,1,1,5.17,0
72800A,S/4 BLACK DINNER CANDLE SILVER FLOC,OTHER,5.17,1,1,5.17,0
82613B,"METAL SIGN,CUPCAKE SINGLE HOOK",OTHER,5.14,2,2,2.57,0
72739C,DARK CHOCOLATE SCENTCANDLE,OTHER,5.14,2,1,2.57,0
21773,DECORATIVE ROSE BATHROOM BOTTLE,OTHER,5.14,2,1,2.57,0
85016,SET OF 6 VINTAGE NOTELETS KIT,SETS,5.14,2,1,2.57,0
35471A,SET OF 3 BIRD L.BLUE FEATHER,SETS,5.14,2,1,2.57,0
21643,ASSORTED TUTTI FRUTTI MIRROR,OTHER,5.14,2,1,2.57,0
21945,STRAWBERRIES  DESIGN FLANNEL,OTHER,5.1,3,1,1.7,0
90042B,FRESHWATER PEARL BRACELET PINK,OTHER,5.1,2,1,2.55,1
84951A,S/4 PISTACHIO LOVEBIRD COASTERS,OTHER,5.1,2,2,2.55,1
84671B,CROCHET BEAR WITH BLUE STRIPES,OTHER,5.1,2,2,2.55,2
20736,PINK MINI TAPE MEASURE,OTHER,5.1,6,1,0.85,1
10133,COLOURING PENCILS BROWN TUBE,OTHER,5.1,6,1,0.85,1
10125,MINI FUNKY DESIGN TAPES,OTHER,5.1,5,2,1.27,1
20812,EMBOSSED FLOWER TRELLIS PHOTO FRAME,OTHER,5.1,2,1,2.55,1
22309,TEA COSY RED  STRIPE,OTHER,5.1,2,1,2.55,1
84802B,PURPLE ANEMONE ARTIFICIAL FLOWER,OTHER,5.07,3,1,1.69,1
21069,VINTAGE BILLBOARD TEA MUG,OTHER,5.07,3,2,1.91,1
22044,CHRISTMAS CARD STACK OF PRESENTS,SEASONAL,5.04,12,1,0.42,0
84251J,"GREETING CARD, THE BLACK CAT",OTHER,5.04,12,1,0.42,1
21918,SET 12 KIDS COLOUR  CHALK STICKS,SETS,5.04,12,2,0.42,2
35095A,BLUE VICTORIAN FABRIC OVAL BOX,OTHER,5.04,12,1,0.42,1
21504,SKULLS GREETING CARD,OTHER,5.04,12,1,0.42,1
21518,BANK ACCOUNT  GREETING  CARD,OTHER,5.04,12,1,0.42,1
72024U,LILAC VOTIVE CANDLE,OTHER,5.04,24,1,0.21,1
22025,RING OF ROSES BIRTHDAY CARD,OTHER,5.04,12,1,0.42,1
22026,BANQUET BIRTHDAY  CARD,OTHER,5.04,12,1,0.42,1
22031,BOTANICAL LAVENDER BIRTHDAY CARD,OTHER,5.04,12,1,0.42,1
22034,ROBIN CHRISTMAS CARD,SEASONAL,5.04,12,1,0.42,1
21507,"ELEPHANT, BIRTHDAY CARD,",OTHER,5.04,12,1,0.42,1
84249D,FAIRY CAKE GREETINGS CARD,OTHER,5.04,12,1,0.42,1
17108D,FLOWER FAIRY SUMMER BOUQUET SACHET,OTHER,5.04,12,1,0.42,1
22042,CHRISTMAS CARD SINGING ANGEL,SEASONAL,5.04,12,1,0.42,1
84536B,FAIRY CAKES NOTEBOOK A7 SIZE,OTHER,5.03,11,3,0.56,2
85049F,BABY BOOM RIBBONS,OTHER,5.0,4,2,1.25,2
21031,SPACE CADET BLACK,OTHER,5.0,4,1,1.25,1
21947,SET OF 6 HEART CHOPSTICKS,SETS,5.0,4,2,1.25,2
82551,LAUNDRY 15C METAL SIGN,OTHER,5.0,4,2,1.25,2
47021G,SET/6 BEAD COASTERS GAUZE BAG GOLD,SETS,5.0,4,1,1.25,1
16225,RATTLE SNAKE EGGS,OTHER,5.0,4,1,1.25,1
20673,STRAWBERRIES PRINT BOWL,OTHER,5.0,4,1,1.25,1
22093,MOTORING TISSUE BOX,OTHER,5.0,4,2,1.25,2
84708B,PINK JEWELLED PHOTO FRAME,OTHER,4.95,1,1,4.95,1
79320,FLAMINGO LIGHTS,LIGHTING,4.95,1,1,4.95,1
22313,OFFICE MUG WARMER PINK,OTHER,4.95,1,1,4.95,1
22102,MIRROR MOSAIC T-LIGHT HOLDER,LIGHTING,4.95,3,1,1.65,1
21705,BAG 500G SWIRLY MARBLES,BAGS,4.95,3,2,1.65,2
21247,SET OF RED SALAD SERVERS,SETS,4.92,2,2,2.46,1
37492C,GREEN BLUE FLOWER PIGGY BANK,OTHER,4.65,1,1,4.65,1
84792,ENCHANTED BIRD COATHANGER 5 HOOK,OTHER,4.65,1,1,4.65,1
37492A,YELLOW RED FLOWER PIGGY BANK,OTHER,4.65,1,1,4.65,1
21917,SET 12 KIDS  WHITE CHALK STICKS,SETS,4.62,11,2,0.42,2
85226A,WHITE/BLUE PULL BACK RACING CAR,OTHER,4.45,6,2,1.12,1
90120C,GREEN MURANO TWIST BRACELET,OTHER,4.33,1,1,4.33,0
21626,VINTAGE UNION JACK PENNANT,OTHER,4.3,1,1,4.3,0
82599,FANNY'S REST STOPMETAL SIGN,OTHER,4.3,1,1,4.3,0
20616,CHERRY BLOSSOM PASSPORT COVER,OTHER,4.3,1,1,4.3,0
20863,BLUE PATCH PENCIL CASE PINK HEART,OTHER,4.3,1,1,4.3,0
20618,QUEEN OF THE SKIES PASSPORT COVER,OTHER,4.3,1,1,4.3,0
21266,VINTAGE SILVER TINSEL REEL,OTHER,4.3,1,1,4.3,0
85170B,SET/6 BLACK BIRD T-LIGHT CANDLES,LIGHTING,4.3,1,1,4.3,0
47518F,ICON PLACEMAT POP ART ELVIS,OTHER,4.3,1,1,4.3,0
37489C,GREEN/BLUE FLOWER DESIGN BIG MUG,OTHER,4.3,1,1,4.3,0
21157,RED SPOTTY WASHBAG,BAGS,4.3,1,1,4.3,0
84520D,PACK OF 20 FAIRY CAKE PAPER NAPKINS,OTHER,4.25,5,2,0.85,2
85036B,CHOCOLATE 1 WICK MORRIS BOX CANDLE,OTHER,4.25,1,1,4.25,0
84688,BEACH HUT DESIGN BLACKBOARD,OTHER,4.25,1,1,4.25,1
22070,SMALL RETRO SPOT MUG IN BOX  RED,OTHER,4.25,41,5,3.55,5
72783,BLACK SIL'T SQU CANDLE PLATE,OTHER,4.2,2,1,2.1,1
85170C,SET/6 EAU DE NIL BIRD T-LIGHTS,LIGHTING,4.2,2,1,2.1,1
85170D,SET/6 PINK BIRD T-LIGHT CANDLES,LIGHTING,4.2,2,2,2.1,2
85088,CANDY SPOT HAND BAG,BAGS,4.2,2,1,2.1,1
85113,POLKA DOT PISTACHIO PAIL,OTHER,4.2,2,2,2.1,2
21417,COCKLE SHELL DISH,OTHER,4.2,2,1,2.1,1
20621,ECONOMY PASSPORT COVER,OTHER,4.2,2,2,2.1,1
84251F,"GREETING CARD, RITA",OTHER,4.0,14,2,0.52,1
10123C,HEARTS WRAPPING TAPE,OTHER,3.9,3,1,1.3,0
84526,GIANT BLACK SUNGLASSES,OTHER,3.9,2,1,1.95,1
90039D,FIRE POLISHED GLASS BRACELET GREEN,OTHER,3.9,1,1,3.9,0
90040D,MURANO STYLE GLASS BRACELET PINK,OTHER,3.9,1,1,3.9,0
20655,QUEEN OF SKIES LUGGAGE TAG,OTHER,3.82,2,2,1.91,1
20714,POSY SHOPPER BAG,BAGS,3.82,2,2,1.91,1
21379,CAMPHOR WOOD PORTOBELLO MUSHROOM,OTHER,3.82,2,2,1.91,1
84580,MOUSE TOY WITH PINK T-SHIRT,OTHER,3.75,1,1,3.75,1
20818,GOLD TEDDY BEAR,OTHER,3.75,1,1,3.75,1
21468,BUTTERFLY CROCHET FOOD COVER,OTHER,3.75,1,1,3.75,1
22202,MILK PAN PINK RETROSPOT,OTHER,3.75,1,1,3.75,1
84660C,PINK STITCHED WALL CLOCK,OTHER,3.75,1,1,3.75,1
21617,4 LILY  BOTANICAL DINNER CANDLES,OTHER,3.75,1,1,3.75,1
20716,PARTY FOOD SHOPPER BAG,BAGS,3.75,3,1,1.25,1
84660B,BLACK STITCHED WALL CLOCK,OTHER,3.75,1,1,3.75,1
84899F,YELLOW PURPLE DAISY FELT PURSE KIT,OTHER,3.75,3,1,1.25,1
22110,BIRD HOUSE HOT WATER BOTTLE,OTHER,3.45,1,1,3.45,1
85031C,CURIOUS IMAGES SCRAP BOOK SET,SETS,3.43,1,1,3.43,0
22054,MINI CAKE STAND HANGING HEARTS,OTHER,3.43,1,1,3.43,0
22286,"DECORATION , WOBBLY RABBIT , METAL",OTHER,3.43,1,1,3.43,0
21284,RETRO SPOT CANDLE  SMALL,OTHER,3.43,1,1,3.43,0
21160,KEEP OUT GIRLS DOOR HANGER,OTHER,3.43,1,1,3.43,0
21198,WHITE HEART CONFETTI IN TUBE,OTHER,3.43,1,1,3.43,0
85130A,BEADED PEARL HEART WHITE LARGE,OTHER,3.43,1,1,3.43,0
82076,BEECH WOOD PHOTO FRAME,OTHER,3.43,1,1,3.43,0
85039A,SET/4 RED MINI ROSE CANDLE IN BOWL,SETS,3.43,1,1,3.43,0
84877B,GREEN ROUND COMPACT MIRROR,OTHER,3.43,1,1,3.43,0
84705B,FAIRY CAKES PHOTO FRAME,OTHER,3.43,1,1,3.43,0
22058,CERAMIC LOVE HEARTS DESIGN MUG,OTHER,3.43,1,1,3.43,0
85040A,S/4 PINK FLOWER CANDLES IN BOWL,OTHER,3.43,1,1,3.43,0
85031A,ROMANTIC IMAGES SCRAP BOOK SET,SETS,3.43,1,1,3.43,0
21725,SWEETIES  STICKERS,OTHER,3.4,3,2,1.27,1
21063,PARTY INVITES JAZZ HEARTS,OTHER,3.4,4,1,0.85,1
20994,JAZZ HEARTS SPIRAL NOTEPAD,OTHER,3.4,4,2,0.85,2
21719,LOVELY BONBON STICKER SHEET,OTHER,3.4,2,1,1.7,0
21704,BAG 250G SWIRLY MARBLES,BAGS,3.4,3,2,1.27,1
10123G,ARMY CAMO WRAPPING TAPE,OTHER,3.4,2,1,1.7,0
21722,SWEET PUDDING STICKER SHEET,OTHER,3.4,2,1,1.7,0
21015,DARK BIRD HOUSE TREE DECORATION,OTHER,3.4,4,1,0.85,1
84341B,SMALL PINK MAGIC CHRISTMAS TREE,SEASONAL,3.4,4,2,0.85,2
85116,BLACK CANDELABRA T-LIGHT HOLDER,LIGHTING,3.4,2,1,1.7,0
21014,SWISS CHALET TREE DECORATION,OTHER,3.4,4,1,0.85,1
21721,CANDY SHOP  STICKER SHEET,OTHER,3.4,2,1,1.7,0
84534B,FAIRY CAKE NOTEBOOK A5 SIZE,OTHER,3.4,4,1,0.85,1
47587A,PINK FAIRY CAKE COASTER,OTHER,3.4,2,1,1.7,0
51014A,"FEATHER PEN,HOT PINK",OTHER,3.4,2,2,1.7,0
37422,WHITE WITH BLACK CATS BOWL,OTHER,3.4,2,1,1.7,0
17109B,FLOWER FAIRY INCENSE LAVENDER,OTHER,3.38,2,1,1.69,1
21655,HANGING RIDGE GLASS T-LIGHT HOLDER,LIGHTING,3.38,2,1,1.69,1
84849B,FAIRY SOAP SOAP HOLDER,OTHER,3.38,2,1,1.69,1
84388,WISE MAN STAR SHAPE EGG PAN,OTHER,3.3,2,2,1.65,2
72796B,S/3 FRENCH VANILLA SQU CANDLE,OTHER,3.3,2,1,1.65,1
21187,WHITE BELL HONEYCOMB PAPER GARLAND,OTHER,3.3,2,1,1.65,0
21883,STARS GIFT TAPE,GIFTS,3.0,3,3,1.0,2
37447,CERAMIC CAKE DESIGN SPOTTED PLATE,OTHER,2.98,2,1,1.49,1
84402D,PINK DRESS JEWELLERY STAND,OTHER,2.95,1,1,2.95,1
21937,STRAWBERRY   PICNIC BAG,BAGS,2.95,1,1,2.95,1
79302M,"ART LIGHTS,FUNK MONKEY",LIGHTING,2.95,1,1,2.95,1
21932,SCANDINAVIAN PAISLEY PICNIC BAG,BAGS,2.95,1,1,2.95,1
90190A,SILVER/CRYSTAL DROP EARRINGS W LEAF,OTHER,2.95,1,1,2.95,1
21609,SET 12 LAVENDER  BOTANICAL T-LIGHTS,LIGHTING,2.95,1,1,2.95,1
35648,VINTAGE BEAD PINK PURSE,OTHER,2.95,1,1,2.95,1
85185F,LION SOCK PUPPET,OTHER,2.95,1,1,2.95,1
20906,VINTAGE NOTEBOOK BEAUTY GIRL,OTHER,2.95,1,1,2.95,1
21253,SET OF PICTURE FRAME  STICKERS,SETS,2.95,1,1,2.95,1
21545,CERAMIC BIRDHOUSE BUTTERFLY SMALL,OTHER,2.95,1,1,2.95,1
21992,VINTAGE PAISLEY STATIONERY SET,SETS,2.95,1,1,2.95,1
15044B,BLUE PAPER PARASOL,OTHER,2.95,1,1,2.95,1
84985A,SET OF 72 GREEN PAPER DOILIES,SETS,2.9,2,1,1.45,1
21973,SET OF 36 MUSHROOM PAPER DOILIES,SETS,2.9,2,1,1.45,1
21972,SET OF 36 DINOSAUR PAPER DOILIES,SETS,2.9,2,1,1.45,1
21211,SET OF 72 SKULL PAPER  DOILIES,SETS,2.9,2,1,1.45,1
21158,MOODY GIRL DOOR HANGER,OTHER,2.9,2,1,1.45,1
46000S,POLYESTER FILLER PAD 40X40CM,OTHER,2.9,2,1,1.45,1
47598,NEW ENGLAND EGG WARMER,OTHER,2.6,2,2,1.3,0
90208,PAIR OF ENAMEL FLOWER CLUSTER SLIDE,OTHER,2.59,1,1,2.59,0
90188,DROP EARRINGS W FLOWER & LEAF,OTHER,2.59,1,1,2.59,0
90171,DAISY RING,OTHER,2.58,2,1,1.29,0
82607C,GLASS BONBON JAR. SUPERFINES,OTHER,2.57,1,1,2.57,0
77081,FLOWER WINDMILL,OTHER,2.57,1,1,2.57,0
22289,"DECORATION , HANGING METAL CHICKEN",OTHER,2.57,1,1,2.57,0
22288,"DECORATION , HANGING METAL RABBIT",OTHER,2.57,1,1,2.57,0
85169B,BLACK LOVE BIRD CANDLE,OTHER,2.57,1,1,2.57,0
79026B,"S/4 ICON COASTER,ELVIS LIVES",OTHER,2.57,1,1,2.57,0
20654,FIRST CLASS LUGGAGE TAG,OTHER,2.57,1,1,2.57,0
85015,SET OF 12  VINTAGE POSTCARD SET,SETS,2.57,1,1,2.57,0
21445,12 PINK ROSE PEG PLACE SETTINGS,SETS,2.57,1,1,2.57,0
82613C,"METAL SIGN,CUPCAKE SINGLE HOOK",OTHER,2.57,1,1,2.57,0
37464,ROBOT MUG IN DISPLAY BOX,OTHER,2.57,1,1,2.57,0
20652,BLUE SPOTTY LUGGAGE TAG,OTHER,2.57,1,1,2.57,0
85129D,BEADED CRYSTAL HEART PINK SMALL,OTHER,2.57,1,1,2.57,0
37348,SET OF 4 PASTEL STACKING MUGS,SETS,2.55,1,1,2.55,1
20756,GREEN FERN POCKET BOOK,OTHER,2.55,3,1,0.85,1
20758,ABSTRACT CIRCLES POCKET BOOK,OTHER,2.55,3,1,0.85,1
21724,PANDA AND BUNNIES STICKER SHEET,OTHER,2.55,2,2,1.27,1
84340,LARGE FIBRE OPTIC CHRISTMAS TREE,SEASONAL,2.55,1,1,2.55,1
18097B,BLUE TALL PORCELAIN T-LIGHT HOLDER,LIGHTING,2.55,1,1,2.55,1
84507C,BLUE CIRCLES DESIGN MONKEY DOLL,OTHER,2.55,1,1,2.55,1
21560,TOADSTOOL  LUNCHBOX WITH CUTLERY,OTHER,2.55,1,1,2.55,0
84925E,FLOWERS WALL THERMOMETER,OTHER,2.55,1,1,2.55,1
20992,JAZZ HEARTS PURSE NOTEBOOK,OTHER,2.55,3,1,0.85,1
90042A,FRESHWATER PEARL BRACELET GOLD,OTHER,2.55,1,1,2.55,1
84925C,FAIRY CAKES  WALL THERMOMETER,OTHER,2.55,1,1,2.55,1
84925A,WAKE UP COCKEREL WALL THERMOMETER,OTHER,2.55,1,1,2.55,1
85071D,CHARLIE+LOLA MY ROOM DOOR SIGN,OTHER,2.55,1,1,2.55,1
21102,"CANDLE IN JAR COLLAGE , VANILLA",OTHER,2.55,1,1,2.55,1
47556,SET/2 SPOTTY + ROSE TEA TOWELS,SETS,2.55,1,1,2.55,1
35051B,PINK BEADED CONE CHRISTMAS,SEASONAL,2.52,6,1,0.42,1
35954,SMALL FOLKART STAR CHRISTMAS DEC,SEASONAL,2.52,6,1,0.42,1
18010,ASSORTED FRAGRANCE BATH CONFETTI,OTHER,2.52,6,1,0.42,1
90214S,"LETTER ""S"" BLING KEY RING",OTHER,2.5,2,2,1.25,2
84510C,SET OF 4 POLKADOTS COASTERS,SETS,2.5,2,1,1.25,1
35981C,WHITE SNOW SCANDINAVIAN STOCKING,OTHER,2.5,2,1,1.25,1
21872,GLAMOROUS  MUG,OTHER,2.5,2,1,1.25,1
21070,VINTAGE BILLBOARD MUG,OTHER,2.5,2,1,1.25,1
90214H,"LETTER ""H"" BLING KEY RING",OTHER,2.5,2,1,1.25,1
21066,VINTAGE RED MUG,OTHER,2.5,2,1,1.25,1
21179,NO JUNK MAIL METAL SIGN,OTHER,2.5,2,1,1.25,1
84510F,SET OF 4 NEW ENGLAND COASTERS,SETS,2.5,2,1,1.25,1
47503G,ASS FLORAL PRINT TAPE MEASURE,OTHER,2.5,2,1,1.25,1
21272,SALLE DE BAIN HOOK,OTHER,2.5,2,1,1.25,1
20660,VIP LUGGAGE TAG,OTHER,2.5,2,2,1.25,2
90005A,JADE GREEN ENAMEL HAIR COMB,OTHER,2.16,1,1,2.16,0
90125E,AMBER BERTIE GLASS BEAD BAG CHARM,BAGS,2.1,1,1,2.1,1
85170A,SET/6 IVORY BIRD T-LIGHT CANDLES,LIGHTING,2.1,1,1,2.1,1
22277,COSMETIC BAG VINTAGE ROSE PAISLEY,BAGS,2.1,1,1,2.1,1
20619,TROPICAL PASSPORT COVER,OTHER,2.1,1,1,2.1,1
85032A,ROMANTIC IMAGES GIFT WRAP SET,SETS,2.1,1,1,2.1,1
35809B,ENAMEL BLUE RIM TEA CONTAINER,OTHER,2.1,1,1,2.1,1
35810B,ENAMEL BLUE RIM COFFEE CONTAINER,OTHER,2.1,1,1,2.1,1
85208,SET/12 FUNKY FELT FLOWER PEG IN BAG,SETS,2.1,1,1,2.1,1
35995,SET/6 BLACK GLITTER REINDEER CANDLE,SETS,2.1,1,1,2.1,1
20991,JAZZ HEARTS MAGNETIC MEMO PAD,OTHER,1.95,2,2,0.98,1
82578,KITCHEN METAL SIGN,OTHER,1.85,2,2,0.92,1
18007,ESSENTIAL BALM 3.5G TIN IN ENVELOPE,OTHER,1.8,10,2,0.18,2
21983,PACK OF 12 BLUE PAISLEY TISSUES,OTHER,1.74,6,1,0.29,1
37462B,"PET MUG, BUDGIE",OTHER,1.72,2,1,0.86,0
85086A,CANDY SPOT HEART DECORATION,OTHER,1.7,1,1,1.7,0
72598,SET/12 TAPER CANDLES,SETS,1.7,1,1,1.7,0
21542,WOODLAND WATER TRANSFER TATTOOS,OTHER,1.7,1,1,1.7,0
72051S,BAG OF SILVER STONES,BAGS,1.7,3,2,0.64,0
30086C,ASSORTED FRUIT STRAWS,OTHER,1.7,1,1,1.7,0
20832,RED FLOCK LOVE HEART PHOTO FRAME,OTHER,1.7,1,1,1.7,0
85026B,EAU DE NILE JEWELLED T-LIGHT HOLDER,LIGHTING,1.7,1,1,1.7,0
22261,FELT EGG COSY WHITE RABBIT,OTHER,1.7,1,1,1.7,0
21899,"KEY FOB , GARAGE DESIGN",OTHER,1.7,1,1,1.7,0
85212,MINI PAINTED GARDEN DECORATION,OTHER,1.7,1,1,1.7,0
81952V,ROUND PURPLE CLOCK W/SUCKER,OTHER,1.7,1,1,1.7,0
72754D,F FAIRY POTPOURRI CUSHIONS SUMMER,OTHER,1.69,1,1,1.69,1
72754B,F FAIRY POTPOURRI CUSHIONS LAVENDER,OTHER,1.69,1,1,1.69,1
21377,SMALL CAMPHOR WOOD FIELD  MUSHROOM,OTHER,1.65,1,1,1.65,1
47591A,CAROUSEL DES CHILD'S APRON,OTHER,1.65,1,1,1.65,1
72798C,SET/4 GARDEN ROSE DINNER CANDLE,SETS,1.65,1,1,1.65,1
84874B,BLUE TRAVEL FIRST AID KIT,OTHER,1.65,1,1,1.65,1
79336,LIGHT PINK FLOCK GLASS CANDLEHOLDER,LIGHTING,1.65,1,1,1.65,1
71028B,SILVER BLUE EGG T-LIGHT HOLDER,LIGHTING,1.65,1,1,1.65,1
47471,RAINBOW PEGS PHOTO CLIP STRING,OTHER,1.52,1,1,1.52,0
22330,72 ROUND PINK DOILIES,OTHER,1.45,1,1,1.45,1
84673B,BLUE FLY SWAT,OTHER,1.3,1,1,1.3,0
21880,RED AND WHITE SPOT TAPE,OTHER,1.3,2,2,0.65,2
79190B,RETRO PLASTIC POLKA TRAY,OTHER,1.26,3,1,0.42,1
21873,IF YOU CAN'T STAND THE HEAT MUG,OTHER,1.25,1,1,1.25,1
22096,PINK PAISLEY SQUARE TISSUE BOX,OTHER,1.25,1,1,1.25,1
20986,BLUE CALCULATOR RULER,OTHER,1.25,1,1,1.25,1
21874,GIN AND TONIC MUG,OTHER,1.25,1,1,1.25,1
20985,HEART CALCULATOR,OTHER,1.25,1,1,1.25,1
85129A,"WHITE PEARL BEADED HEART, SMALL",OTHER,1.25,1,1,1.25,1
35085E,IVORY ROSE LAMPSHADE,OTHER,1.25,1,1,1.25,1
20657,TROPICAL LUGGAGE TAG,OTHER,1.25,1,1,1.25,1
90214A,"LETTER ""A"" BLING KEY RING",OTHER,1.25,1,1,1.25,1
17091J,VANILLA INCENSE IN TIN,OTHER,1.25,1,1,1.25,1
21125,SET 6 FOOTBALL CELEBRATION CANDLES,SETS,1.25,1,1,1.25,1
20869,GOLD FABRIC MIRROR,OTHER,1.25,1,1,1.25,1
90214J,"LETTER ""J"" BLING KEY RING",OTHER,1.25,1,1,1.25,1
21390,FILIGRIS HEART WITH BUTTERFLY,OTHER,1.25,1,1,1.25,1
85049H,URBAN BLACK RIBBONS,OTHER,1.25,1,1,1.25,1
84828,JUNGLE POPSICLES ICE LOLLY HOLDERS,OTHER,1.25,1,1,1.25,1
79192A,RETRO PLASTIC 70'S TRAY,OTHER,1.25,1,1,1.25,1
51012C,"FEATHER DUSTER, COAL BLACK",OTHER,1.25,1,1,1.25,1
21068,VINTAGE BILLBOARD LOVE/HATE MUG,OTHER,1.25,1,1,1.25,1
82552,WASHROOM METAL SIGN,OTHER,1.25,1,1,1.25,1
84597C,RETRO PINK BALL ASHTRAY,OTHER,1.25,1,1,1.25,1
21747,SMALL SKULL WINDMILL,OTHER,1.25,1,1,1.25,1
85111,SILVER GLITTER FLOWER VOTIVE HOLDER,OTHER,1.25,1,1,1.25,1
20942,SET/6 GINGERBREAD TREE T-LIGHTS,LIGHTING,1.25,1,1,1.25,1
17033,"BROCADE PURSE,SMALL ARCH BUTTON",OTHER,1.16,4,1,0.29,1
15034,PAPER POCKET TRAVELING FAN,OTHER,1.11,3,2,0.48,1
84989A,75 GREEN FAIRY CAKE CASES,OTHER,1.1,2,2,0.55,1
21520,BOOZE & WOMEN GREETING CARD,OTHER,0.86,1,1,0.86,0
84251G,"GREETING CARD, OVERCROWDED POOL.",OTHER,0.86,1,1,0.86,0
21506,"FANCY FONT BIRTHDAY CARD,",OTHER,0.86,1,1,0.86,0
16047,POP ART PEN CASE & PENS,OTHER,0.85,1,1,0.85,1
21081,SET/20 POSIES PAPER NAPKINS,SETS,0.85,1,1,0.85,1
21078,SET/20 STRAWBERRY PAPER NAPKINS,SETS,0.85,1,1,0.85,1
21077,SET/20 WOODLAND PAPER NAPKINS,SETS,0.85,1,1,0.85,1
21018,BIRD BOX CHRISTMAS TREE DECORATION,SEASONAL,0.85,1,1,0.85,1
16258B,DAISY ERASERS IN BAG,BAGS,0.84,2,1,0.42,1
21786,RAIN HAT WITH RED SPOTS,OTHER,0.84,2,2,0.42,1
85186C,BUNNY EGG GARLAND,OTHER,0.83,1,1,0.83,0
85017C,ENVELOPE 50 CURIOUS IMAGES,OTHER,0.83,1,1,0.83,0
85017A,ENVELOPE 50 ROMANTIC IMAGES,OTHER,0.83,1,1,0.83,0
85186A,EASTER BUNNY GARLAND OF FLOWERS,OTHER,0.83,1,1,0.83,0
DCGS0058,MISO PRETTY  GUM,OTHER,0.83,1,1,0.83,0
21881,CUTE CATS TAPE,OTHER,0.65,1,1,0.65,1
21884,CAKES AND BOWS GIFT  TAPE,GIFTS,0.65,1,1,0.65,1
21882,SKULLS TAPE,OTHER,0.65,1,1,0.65,1
82581,TOILET METAL SIGN,OTHER,0.55,1,1,0.55,1
72140F,HAPPY ANNIVERSARY CANDLE LETTERS,OTHER,0.42,1,1,0.42,1
17084J,LOVE POTION MASALA INCENSE,OTHER,0.42,2,1,0.21,1
47420,ASSORTED COLOUR SUCTION CUP HOOK,OTHER,0.19,1,1,0.19,1
85049G,UNKNOWN,OTHER,0.0,240,1,0.0,0
35605A,DAMAGES,OTHER,0.0,117,1,0.0,0
72803A,ROSE SCENT CANDLE JEWELLED DRAWER,OTHER,0.0,2,2,4.25,2
90185B,AMETHYST DIAMANTE EXPANDABLE RING,OTHER,0.0,6,2,4.25,1
90185C,BLACK DIAMANTE EXPANDABLE RING,OTHER,0.0,6,2,4.25,1
20894,HANGING BAUBLE T-LIGHT HOLDER LARGE,LIGHTING,0.0,2,2,2.95,1
79323GR,GREEN CHERRY LIGHTS,LIGHTING,0.0,4,2,6.75,2
85123A,21733 MIXED,OTHER,0.0,192,1,0.0,0
21350,UNKNOWN,OTHER,0.0,230,1,0.0,0
21646,UNKNOWN,OTHER,0.0,50,1,0.0,0
35956,LOST,OTHER,0.0,1043,1,0.0,0
21752,GLASS CAKE STAND MIRRORED BASE,OTHER,0.0,2,2,14.95,2
90209C,PINK ENAMEL+GLASS HAIR COMB,OTHER,0.0,6,2,2.1,1
22090,PAPER BUNTING RETRO SPOTS,OTHER,0.0,24,2,2.95,1
90082D,DIAMANTE BOW BROOCH BLACK COLOUR,OTHER,0.0,4,2,6.35,1
20683,UNKNOWN,OTHER,0.0,44,1,0.0,0
84292,UNKNOWN,OTHER,0.0,17,1,0.0,0
71477,SHORT,OTHER,0.0,240,1,0.0,0
22087,PAPER BUNTING WHITE LACE,OTHER,0.0,24,2,2.95,1
20686,DOLLY MIXTURE CHILDREN'S UMBRELLA,OTHER,0.0,2,2,3.25,2
90003D,CRYSTAL PAIR HEART HAIR SLIDES,OTHER,0.0,6,2,3.75,1
18010,UNKNOWN,OTHER,0.0,770,1,0.0,0
90003C,MIDNIGHT BLUE PAIR HEART HAIR SLIDE,OTHER,0.0,6,2,3.75,1
90003B,ROSE COLOUR PAIR HEART HAIR SLIDES,OTHER,0.0,6,2,3.75,1
90209A,PURPLE ENAMEL+GLASS HAIR COMB,OTHER,0.0,6,2,2.1,1
21733,85123A MIXED,OTHER,0.0,96,1,0.0,0
20814,SILVER FINCH DECORATION,OTHER,0.0,26,4,1.25,3
85206A,CREAM FELT EASTER EGG BASKET,OTHER,0.0,12,2,1.65,1
21133,INVCD AS 84879?,OTHER,0.0,720,1,0.0,0
M,MANUAL,OTHER,-1.1,2,2,4.55,1
21094,SET/6 RED SPOTTY PAPER PLATES,SETS,-1.41,285,6,0.78,5
47594B,SCOTTIES DESIGN WASHBAG,BAGS,-1.95,1,1,1.95,1
21576,LETS GO SHOPPING COTTON TOTE BAG,BAGS,-2.25,3,2,2.25,2
22164,STRING OF STARS CARD HOLDER,OTHER,-2.95,1,1,2.95,1
35001B,HAND OPEN SHAPE BLACK,OTHER,-5.9,2,1,2.95,1
85124A,PINK JUICY FRUIT PHOTO FRAME,OTHER,-10.13,7,2,3.86,1
21254,SET OF KITCHEN WALL  STICKERS,SETS,-11.8,4,1,2.95,1
21173,LOO ROLL  METAL SIGN,OTHER,-13.85,14,3,2.53,2
85083,KISS REINDEER SCANDINAVIAN STOCKING,OTHER,-15.3,6,1,2.55,1
22183,CAKE STAND VICTORIAN FILIGREE MED,OTHER,-27.0,4,1,6.75,1
D,DISCOUNT,OTHER,-28.0,2,2,14.0,1
22127,PARTY CONES CARNIVAL ASSORTED,OTHER,-45.0,60,3,1.25,3
